StudentID,ClassDate,Status
STU-001,2025-01-22,Present
STU-001,2025-01-24,Present
STU-001,2025-01-26,Present
STU-001,2025-01-29,Present
STU-001,2025-01-31,Present
STU-001,2025-02-02,Absent
STU-001,2025-02-05,Present
STU-001,2025-02-07,Present
STU-001,2025-02-09,Present
STU-001,2025-02-12,Present
STU-001,2025-02-14,Present
STU-001,2025-02-16,Present
STU-001,2025-02-19,Present
STU-001,2025-02-21,Present
STU-001,2025-02-23,Present
STU-001,2025-02-26,Present
STU-001,2025-02-28,Present
STU-001,2025-03-02,Present
STU-001,2025-03-05,Present
STU-001,2025-03-07,Present
STU-001,2025-03-09,Present
STU-001,2025-03-12,Present
STU-001,2025-03-14,Present
STU-001,2025-03-16,Present
STU-001,2025-03-19,Present
STU-001,2025-03-21,Present
STU-001,2025-03-23,Absent
STU-001,2025-03-26,Present
STU-001,2025-03-28,Present
STU-001,2025-03-30,Present
STU-001,2025-04-02,Present
STU-001,2025-04-04,Present
STU-001,2025-04-06,Present
STU-001,2025-04-09,Present
STU-001,2025-04-11,Present
STU-001,2025-04-13,Present
STU-002,2025-03-14,Present
STU-002,2025-03-16,Present
STU-002,2025-03-18,Present
STU-002,2025-03-21,Present
STU-002,2025-03-23,Absent
STU-002,2025-03-25,Present
STU-002,2025-03-28,Present
STU-002,2025-03-30,Present
STU-002,2025-04-01,Present
STU-002,2025-04-04,Present
STU-002,2025-04-06,Present
STU-002,2025-04-08,Present
STU-002,2025-04-11,Present
STU-002,2025-04-13,Present
STU-002,2025-04-15,Present
STU-002,2025-04-18,Absent
STU-002,2025-04-20,Present
STU-002,2025-04-22,Present
STU-002,2025-04-25,Present
STU-002,2025-04-27,Absent
STU-002,2025-04-29,Absent
STU-002,2025-05-02,Present
STU-002,2025-05-04,Present
STU-002,2025-05-06,Present
STU-002,2025-05-09,Present
STU-002,2025-05-11,Absent
STU-002,2025-05-13,Present
STU-002,2025-05-16,Present
STU-002,2025-05-18,Absent
STU-002,2025-05-20,Present
STU-002,2025-05-23,Present
STU-002,2025-05-25,Present
STU-002,2025-05-27,Present
STU-002,2025-05-30,Present
STU-002,2025-06-01,Present
STU-002,2025-06-03,Present
STU-003,2025-03-20,Present
STU-003,2025-03-22,Present
STU-003,2025-03-24,Present
STU-003,2025-03-27,Present
STU-003,2025-03-29,Present
STU-003,2025-03-31,Absent
STU-003,2025-04-03,Present
STU-003,2025-04-05,Present
STU-003,2025-04-07,Present
STU-003,2025-04-10,Present
STU-003,2025-04-12,Present
STU-003,2025-04-14,Present
STU-003,2025-04-17,Absent
STU-003,2025-04-19,Present
STU-003,2025-04-21,Present
STU-003,2025-04-24,Present
STU-003,2025-04-26,Present
STU-003,2025-04-28,Present
STU-003,2025-05-01,Present
STU-003,2025-05-03,Present
STU-003,2025-05-05,Present
STU-003,2025-05-08,Present
STU-003,2025-05-10,Present
STU-003,2025-05-12,Present
STU-003,2025-05-15,Present
STU-003,2025-05-17,Present
STU-003,2025-05-19,Present
STU-003,2025-05-22,Present
STU-003,2025-05-24,Absent
STU-003,2025-05-26,Present
STU-003,2025-05-29,Absent
STU-003,2025-05-31,Present
STU-003,2025-06-02,Present
STU-003,2025-06-05,Present
STU-003,2025-06-07,Present
STU-003,2025-06-09,Present
STU-004,2025-01-29,Absent
STU-004,2025-01-31,Present
STU-004,2025-02-02,Absent
STU-004,2025-02-05,Present
STU-004,2025-02-07,Absent
STU-004,2025-02-09,Absent
STU-004,2025-02-12,Present
STU-004,2025-02-14,Absent
STU-004,2025-02-16,Absent
STU-004,2025-02-19,Absent
STU-004,2025-02-21,Absent
STU-004,2025-02-23,Absent
STU-004,2025-02-26,Absent
STU-004,2025-02-28,Absent
STU-004,2025-03-02,Absent
STU-004,2025-03-05,Absent
STU-004,2025-03-07,Present
STU-004,2025-03-09,Present
STU-004,2025-03-12,Absent
STU-004,2025-03-14,Absent
STU-004,2025-03-16,Present
STU-004,2025-03-19,Present
STU-004,2025-03-21,Absent
STU-004,2025-03-23,Present
STU-004,2025-03-26,Present
STU-004,2025-03-28,Present
STU-004,2025-03-30,Absent
STU-004,2025-04-02,Present
STU-004,2025-04-04,Absent
STU-004,2025-04-06,Absent
STU-004,2025-04-09,Present
STU-004,2025-04-11,Absent
STU-004,2025-04-13,Present
STU-004,2025-04-16,Absent
STU-004,2025-04-18,Absent
STU-004,2025-04-20,Present
STU-005,2025-02-20,Absent
STU-005,2025-02-22,Present
STU-005,2025-02-24,Absent
STU-005,2025-02-27,Absent
STU-005,2025-03-01,Absent
STU-005,2025-03-03,Absent
STU-005,2025-03-06,Absent
STU-005,2025-03-08,Absent
STU-005,2025-03-10,Present
STU-005,2025-03-13,Absent
STU-005,2025-03-15,Present
STU-005,2025-03-17,Present
STU-005,2025-03-20,Present
STU-005,2025-03-22,Absent
STU-005,2025-03-24,Absent
STU-005,2025-03-27,Present
STU-005,2025-03-29,Absent
STU-005,2025-03-31,Absent
STU-005,2025-04-03,Present
STU-005,2025-04-05,Present
STU-005,2025-04-07,Present
STU-005,2025-04-10,Absent
STU-005,2025-04-12,Present
STU-005,2025-04-14,Absent
STU-005,2025-04-17,Present
STU-005,2025-04-19,Present
STU-005,2025-04-21,Absent
STU-005,2025-04-24,Absent
STU-005,2025-04-26,Present
STU-005,2025-04-28,Present
STU-005,2025-05-01,Present
STU-005,2025-05-03,Absent
STU-005,2025-05-05,Present
STU-005,2025-05-08,Present
STU-005,2025-05-10,Present
STU-005,2025-05-12,Absent
STU-006,2025-01-07,Present
STU-006,2025-01-09,Absent
STU-006,2025-01-11,Absent
STU-006,2025-01-14,Absent
STU-006,2025-01-16,Present
STU-006,2025-01-18,Absent
STU-006,2025-01-21,Present
STU-006,2025-01-23,Present
STU-006,2025-01-25,Present
STU-006,2025-01-28,Present
STU-006,2025-01-30,Present
STU-006,2025-02-01,Absent
STU-006,2025-02-04,Present
STU-006,2025-02-06,Present
STU-006,2025-02-08,Present
STU-006,2025-02-11,Absent
STU-006,2025-02-13,Absent
STU-006,2025-02-15,Present
STU-006,2025-02-18,Absent
STU-006,2025-02-20,Present
STU-006,2025-02-22,Absent
STU-006,2025-02-25,Present
STU-006,2025-02-27,Present
STU-006,2025-03-01,Present
STU-006,2025-03-04,Present
STU-006,2025-03-06,Absent
STU-006,2025-03-08,Present
STU-006,2025-03-11,Absent
STU-006,2025-03-13,Absent
STU-006,2025-03-15,Present
STU-006,2025-03-18,Present
STU-006,2025-03-20,Absent
STU-006,2025-03-22,Present
STU-006,2025-03-25,Present
STU-006,2025-03-27,Present
STU-006,2025-03-29,Present
STU-007,2025-01-19,Present
STU-007,2025-01-21,Present
STU-007,2025-01-23,Present
STU-007,2025-01-26,Present
STU-007,2025-01-28,Present
STU-007,2025-01-30,Absent
STU-007,2025-02-02,Present
STU-007,2025-02-04,Present
STU-007,2025-02-06,Present
STU-007,2025-02-09,Present
STU-007,2025-02-11,Present
STU-007,2025-02-13,Present
STU-007,2025-02-16,Present
STU-007,2025-02-18,Present
STU-007,2025-02-20,Present
STU-007,2025-02-23,Present
STU-007,2025-02-25,Present
STU-007,2025-02-27,Present
STU-007,2025-03-02,Present
STU-007,2025-03-04,Present
STU-007,2025-03-06,Present
STU-007,2025-03-09,Present
STU-007,2025-03-11,Present
STU-007,2025-03-13,Present
STU-007,2025-03-16,Present
STU-007,2025-03-18,Present
STU-007,2025-03-20,Present
STU-007,2025-03-23,Present
STU-007,2025-03-25,Absent
STU-007,2025-03-27,Present
STU-007,2025-03-30,Present
STU-007,2025-04-01,Present
STU-007,2025-04-03,Present
STU-007,2025-04-06,Present
STU-007,2025-04-08,Absent
STU-007,2025-04-10,Present
STU-008,2025-03-12,Present
STU-008,2025-03-14,Present
STU-008,2025-03-16,Present
STU-008,2025-03-19,Absent
STU-008,2025-03-21,Present
STU-008,2025-03-23,Present
STU-008,2025-03-26,Present
STU-008,2025-03-28,Present
STU-008,2025-03-30,Present
STU-008,2025-04-02,Present
STU-008,2025-04-04,Present
STU-008,2025-04-06,Present
STU-008,2025-04-09,Absent
STU-008,2025-04-11,Present
STU-008,2025-04-13,Present
STU-008,2025-04-16,Present
STU-008,2025-04-18,Present
STU-008,2025-04-20,Present
STU-008,2025-04-23,Absent
STU-008,2025-04-25,Present
STU-008,2025-04-27,Absent
STU-008,2025-04-30,Present
STU-008,2025-05-02,Present
STU-008,2025-05-04,Present
STU-008,2025-05-07,Present
STU-008,2025-05-09,Present
STU-008,2025-05-11,Present
STU-008,2025-05-14,Present
STU-008,2025-05-16,Present
STU-008,2025-05-18,Present
STU-008,2025-05-21,Present
STU-008,2025-05-23,Present
STU-008,2025-05-25,Present
STU-008,2025-05-28,Absent
STU-008,2025-05-30,Present
STU-008,2025-06-01,Absent
STU-009,2025-02-03,Present
STU-009,2025-02-05,Absent
STU-009,2025-02-07,Absent
STU-009,2025-02-10,Present
STU-009,2025-02-12,Present
STU-009,2025-02-14,Present
STU-009,2025-02-17,Present
STU-009,2025-02-19,Present
STU-009,2025-02-21,Present
STU-009,2025-02-24,Absent
STU-009,2025-02-26,Absent
STU-009,2025-02-28,Absent
STU-009,2025-03-03,Absent
STU-009,2025-03-05,Absent
STU-009,2025-03-07,Absent
STU-009,2025-03-10,Present
STU-009,2025-03-12,Present
STU-009,2025-03-14,Present
STU-009,2025-03-17,Absent
STU-009,2025-03-19,Present
STU-009,2025-03-21,Present
STU-009,2025-03-24,Absent
STU-009,2025-03-26,Present
STU-009,2025-03-28,Absent
STU-009,2025-03-31,Present
STU-009,2025-04-02,Absent
STU-009,2025-04-04,Absent
STU-009,2025-04-07,Absent
STU-009,2025-04-09,Absent
STU-009,2025-04-11,Absent
STU-009,2025-04-14,Absent
STU-009,2025-04-16,Present
STU-009,2025-04-18,Absent
STU-009,2025-04-21,Absent
STU-009,2025-04-23,Present
STU-009,2025-04-25,Present
STU-010,2025-03-02,Present
STU-010,2025-03-04,Present
STU-010,2025-03-06,Present
STU-010,2025-03-09,Absent
STU-010,2025-03-11,Present
STU-010,2025-03-13,Present
STU-010,2025-03-16,Present
STU-010,2025-03-18,Present
STU-010,2025-03-20,Present
STU-010,2025-03-23,Present
STU-010,2025-03-25,Present
STU-010,2025-03-27,Present
STU-010,2025-03-30,Present
STU-010,2025-04-01,Present
STU-010,2025-04-03,Present
STU-010,2025-04-06,Present
STU-010,2025-04-08,Present
STU-010,2025-04-10,Present
STU-010,2025-04-13,Present
STU-010,2025-04-15,Present
STU-010,2025-04-17,Present
STU-010,2025-04-20,Present
STU-010,2025-04-22,Present
STU-010,2025-04-24,Present
STU-010,2025-04-27,Present
STU-010,2025-04-29,Present
STU-010,2025-05-01,Present
STU-010,2025-05-04,Present
STU-010,2025-05-06,Present
STU-010,2025-05-08,Present
STU-010,2025-05-11,Present
STU-010,2025-05-13,Present
STU-010,2025-05-15,Present
STU-010,2025-05-18,Present
STU-010,2025-05-20,Present
STU-010,2025-05-22,Present
STU-011,2025-01-23,Present
STU-011,2025-01-25,Present
STU-011,2025-01-27,Present
STU-011,2025-01-30,Present
STU-011,2025-02-01,Present
STU-011,2025-02-03,Present
STU-011,2025-02-06,Present
STU-011,2025-02-08,Present
STU-011,2025-02-10,Present
STU-011,2025-02-13,Present
STU-011,2025-02-15,Present
STU-011,2025-02-17,Present
STU-011,2025-02-20,Absent
STU-011,2025-02-22,Present
STU-011,2025-02-24,Present
STU-011,2025-02-27,Absent
STU-011,2025-03-01,Present
STU-011,2025-03-03,Present
STU-011,2025-03-06,Absent
STU-011,2025-03-08,Absent
STU-011,2025-03-10,Present
STU-011,2025-03-13,Present
STU-011,2025-03-15,Present
STU-011,2025-03-17,Present
STU-011,2025-03-20,Present
STU-011,2025-03-22,Present
STU-011,2025-03-24,Present
STU-011,2025-03-27,Present
STU-011,2025-03-29,Present
STU-011,2025-03-31,Absent
STU-011,2025-04-03,Absent
STU-011,2025-04-05,Present
STU-011,2025-04-07,Absent
STU-011,2025-04-10,Present
STU-011,2025-04-12,Present
STU-011,2025-04-14,Present
STU-012,2025-03-08,Present
STU-012,2025-03-10,Present
STU-012,2025-03-12,Present
STU-012,2025-03-15,Present
STU-012,2025-03-17,Present
STU-012,2025-03-19,Present
STU-012,2025-03-22,Present
STU-012,2025-03-24,Absent
STU-012,2025-03-26,Present
STU-012,2025-03-29,Absent
STU-012,2025-03-31,Absent
STU-012,2025-04-02,Absent
STU-012,2025-04-05,Present
STU-012,2025-04-07,Present
STU-012,2025-04-09,Present
STU-012,2025-04-12,Present
STU-012,2025-04-14,Absent
STU-012,2025-04-16,Present
STU-012,2025-04-19,Present
STU-012,2025-04-21,Absent
STU-012,2025-04-23,Present
STU-012,2025-04-26,Absent
STU-012,2025-04-28,Absent
STU-012,2025-04-30,Present
STU-012,2025-05-03,Absent
STU-012,2025-05-05,Present
STU-012,2025-05-07,Present
STU-012,2025-05-10,Present
STU-012,2025-05-12,Absent
STU-012,2025-05-14,Present
STU-012,2025-05-17,Present
STU-012,2025-05-19,Present
STU-012,2025-05-21,Present
STU-012,2025-05-24,Present
STU-012,2025-05-26,Present
STU-012,2025-05-28,Present
STU-013,2025-02-02,Present
STU-013,2025-02-04,Present
STU-013,2025-02-06,Present
STU-013,2025-02-09,Absent
STU-013,2025-02-11,Present
STU-013,2025-02-13,Absent
STU-013,2025-02-16,Absent
STU-013,2025-02-18,Present
STU-013,2025-02-20,Present
STU-013,2025-02-23,Present
STU-013,2025-02-25,Present
STU-013,2025-02-27,Absent
STU-013,2025-03-02,Absent
STU-013,2025-03-04,Present
STU-013,2025-03-06,Absent
STU-013,2025-03-09,Present
STU-013,2025-03-11,Present
STU-013,2025-03-13,Present
STU-013,2025-03-16,Present
STU-013,2025-03-18,Present
STU-013,2025-03-20,Present
STU-013,2025-03-23,Absent
STU-013,2025-03-25,Present
STU-013,2025-03-27,Present
STU-013,2025-03-30,Present
STU-013,2025-04-01,Present
STU-013,2025-04-03,Present
STU-013,2025-04-06,Present
STU-013,2025-04-08,Present
STU-013,2025-04-10,Present
STU-013,2025-04-13,Present
STU-013,2025-04-15,Present
STU-013,2025-04-17,Present
STU-013,2025-04-20,Present
STU-013,2025-04-22,Present
STU-013,2025-04-24,Present
STU-014,2025-01-11,Present
STU-014,2025-01-13,Present
STU-014,2025-01-15,Present
STU-014,2025-01-18,Present
STU-014,2025-01-20,Present
STU-014,2025-01-22,Present
STU-014,2025-01-25,Present
STU-014,2025-01-27,Absent
STU-014,2025-01-29,Present
STU-014,2025-02-01,Present
STU-014,2025-02-03,Present
STU-014,2025-02-05,Present
STU-014,2025-02-08,Present
STU-014,2025-02-10,Absent
STU-014,2025-02-12,Present
STU-014,2025-02-15,Present
STU-014,2025-02-17,Present
STU-014,2025-02-19,Absent
STU-014,2025-02-22,Present
STU-014,2025-02-24,Present
STU-014,2025-02-26,Present
STU-014,2025-03-01,Present
STU-014,2025-03-03,Present
STU-014,2025-03-05,Present
STU-014,2025-03-08,Present
STU-014,2025-03-10,Present
STU-014,2025-03-12,Present
STU-014,2025-03-15,Present
STU-014,2025-03-17,Present
STU-014,2025-03-19,Present
STU-014,2025-03-22,Present
STU-014,2025-03-24,Present
STU-014,2025-03-26,Present
STU-014,2025-03-29,Absent
STU-014,2025-03-31,Present
STU-014,2025-04-02,Present
STU-015,2025-03-02,Present
STU-015,2025-03-04,Absent
STU-015,2025-03-06,Present
STU-015,2025-03-09,Absent
STU-015,2025-03-11,Absent
STU-015,2025-03-13,Absent
STU-015,2025-03-16,Present
STU-015,2025-03-18,Present
STU-015,2025-03-20,Absent
STU-015,2025-03-23,Present
STU-015,2025-03-25,Present
STU-015,2025-03-27,Present
STU-015,2025-03-30,Absent
STU-015,2025-04-01,Absent
STU-015,2025-04-03,Absent
STU-015,2025-04-06,Present
STU-015,2025-04-08,Present
STU-015,2025-04-10,Present
STU-015,2025-04-13,Absent
STU-015,2025-04-15,Present
STU-015,2025-04-17,Present
STU-015,2025-04-20,Present
STU-015,2025-04-22,Absent
STU-015,2025-04-24,Present
STU-015,2025-04-27,Present
STU-015,2025-04-29,Present
STU-015,2025-05-01,Absent
STU-015,2025-05-04,Present
STU-015,2025-05-06,Absent
STU-015,2025-05-08,Present
STU-015,2025-05-11,Absent
STU-015,2025-05-13,Absent
STU-015,2025-05-15,Present
STU-015,2025-05-18,Present
STU-015,2025-05-20,Present
STU-015,2025-05-22,Present
STU-016,2025-03-18,Present
STU-016,2025-03-20,Present
STU-016,2025-03-22,Present
STU-016,2025-03-25,Present
STU-016,2025-03-27,Present
STU-016,2025-03-29,Present
STU-016,2025-04-01,Present
STU-016,2025-04-03,Present
STU-016,2025-04-05,Present
STU-016,2025-04-08,Present
STU-016,2025-04-10,Present
STU-016,2025-04-12,Present
STU-016,2025-04-15,Present
STU-016,2025-04-17,Present
STU-016,2025-04-19,Present
STU-016,2025-04-22,Present
STU-016,2025-04-24,Present
STU-016,2025-04-26,Present
STU-016,2025-04-29,Present
STU-016,2025-05-01,Present
STU-016,2025-05-03,Present
STU-016,2025-05-06,Present
STU-016,2025-05-08,Present
STU-016,2025-05-10,Present
STU-016,2025-05-13,Absent
STU-016,2025-05-15,Present
STU-016,2025-05-17,Present
STU-016,2025-05-20,Present
STU-016,2025-05-22,Present
STU-016,2025-05-24,Present
STU-016,2025-05-27,Present
STU-016,2025-05-29,Present
STU-016,2025-05-31,Present
STU-016,2025-06-03,Present
STU-016,2025-06-05,Present
STU-016,2025-06-07,Present
STU-017,2025-02-08,Present
STU-017,2025-02-10,Present
STU-017,2025-02-12,Present
STU-017,2025-02-15,Present
STU-017,2025-02-17,Present
STU-017,2025-02-19,Present
STU-017,2025-02-22,Present
STU-017,2025-02-24,Present
STU-017,2025-02-26,Present
STU-017,2025-03-01,Present
STU-017,2025-03-03,Present
STU-017,2025-03-05,Present
STU-017,2025-03-08,Present
STU-017,2025-03-10,Present
STU-017,2025-03-12,Present
STU-017,2025-03-15,Present
STU-017,2025-03-17,Absent
STU-017,2025-03-19,Present
STU-017,2025-03-22,Present
STU-017,2025-03-24,Present
STU-017,2025-03-26,Present
STU-017,2025-03-29,Present
STU-017,2025-03-31,Present
STU-017,2025-04-02,Present
STU-017,2025-04-05,Present
STU-017,2025-04-07,Present
STU-017,2025-04-09,Present
STU-017,2025-04-12,Present
STU-017,2025-04-14,Absent
STU-017,2025-04-16,Present
STU-017,2025-04-19,Present
STU-017,2025-04-21,Present
STU-017,2025-04-23,Absent
STU-017,2025-04-26,Present
STU-017,2025-04-28,Present
STU-017,2025-04-30,Present
STU-018,2025-01-09,Absent
STU-018,2025-01-11,Present
STU-018,2025-01-13,Present
STU-018,2025-01-16,Present
STU-018,2025-01-18,Present
STU-018,2025-01-20,Present
STU-018,2025-01-23,Present
STU-018,2025-01-25,Present
STU-018,2025-01-27,Present
STU-018,2025-01-30,Present
STU-018,2025-02-01,Present
STU-018,2025-02-03,Present
STU-018,2025-02-06,Present
STU-018,2025-02-08,Present
STU-018,2025-02-10,Present
STU-018,2025-02-13,Present
STU-018,2025-02-15,Present
STU-018,2025-02-17,Present
STU-018,2025-02-20,Present
STU-018,2025-02-22,Present
STU-018,2025-02-24,Present
STU-018,2025-02-27,Present
STU-018,2025-03-01,Present
STU-018,2025-03-03,Present
STU-018,2025-03-06,Present
STU-018,2025-03-08,Present
STU-018,2025-03-10,Absent
STU-018,2025-03-13,Present
STU-018,2025-03-15,Absent
STU-018,2025-03-17,Present
STU-018,2025-03-20,Present
STU-018,2025-03-22,Present
STU-018,2025-03-24,Present
STU-018,2025-03-27,Present
STU-018,2025-03-29,Present
STU-018,2025-03-31,Absent
STU-019,2025-02-22,Present
STU-019,2025-02-24,Present
STU-019,2025-02-26,Absent
STU-019,2025-03-01,Absent
STU-019,2025-03-03,Absent
STU-019,2025-03-05,Present
STU-019,2025-03-08,Absent
STU-019,2025-03-10,Present
STU-019,2025-03-12,Present
STU-019,2025-03-15,Absent
STU-019,2025-03-17,Present
STU-019,2025-03-19,Absent
STU-019,2025-03-22,Absent
STU-019,2025-03-24,Present
STU-019,2025-03-26,Present
STU-019,2025-03-29,Absent
STU-019,2025-03-31,Present
STU-019,2025-04-02,Present
STU-019,2025-04-05,Present
STU-019,2025-04-07,Present
STU-019,2025-04-09,Present
STU-019,2025-04-12,Present
STU-019,2025-04-14,Present
STU-019,2025-04-16,Present
STU-019,2025-04-19,Present
STU-019,2025-04-21,Present
STU-019,2025-04-23,Absent
STU-019,2025-04-26,Present
STU-019,2025-04-28,Absent
STU-019,2025-04-30,Present
STU-019,2025-05-03,Absent
STU-019,2025-05-05,Absent
STU-019,2025-05-07,Present
STU-019,2025-05-10,Present
STU-019,2025-05-12,Present
STU-019,2025-05-14,Absent
STU-020,2025-01-22,Absent
STU-020,2025-01-24,Present
STU-020,2025-01-26,Present
STU-020,2025-01-29,Present
STU-020,2025-01-31,Present
STU-020,2025-02-02,Present
STU-020,2025-02-05,Present
STU-020,2025-02-07,Present
STU-020,2025-02-09,Present
STU-020,2025-02-12,Present
STU-020,2025-02-14,Present
STU-020,2025-02-16,Present
STU-020,2025-02-19,Absent
STU-020,2025-02-21,Present
STU-020,2025-02-23,Present
STU-020,2025-02-26,Present
STU-020,2025-02-28,Present
STU-020,2025-03-02,Present
STU-020,2025-03-05,Present
STU-020,2025-03-07,Present
STU-020,2025-03-09,Present
STU-020,2025-03-12,Present
STU-020,2025-03-14,Present
STU-020,2025-03-16,Present
STU-020,2025-03-19,Present
STU-020,2025-03-21,Present
STU-020,2025-03-23,Present
STU-020,2025-03-26,Present
STU-020,2025-03-28,Absent
STU-020,2025-03-30,Present
STU-020,2025-04-02,Absent
STU-020,2025-04-04,Present
STU-020,2025-04-06,Present
STU-020,2025-04-09,Absent
STU-020,2025-04-11,Present
STU-020,2025-04-13,Absent
STU-021,2025-02-15,Present
STU-021,2025-02-17,Present
STU-021,2025-02-19,Absent
STU-021,2025-02-22,Present
STU-021,2025-02-24,Present
STU-021,2025-02-26,Present
STU-021,2025-03-01,Present
STU-021,2025-03-03,Absent
STU-021,2025-03-05,Absent
STU-021,2025-03-08,Present
STU-021,2025-03-10,Absent
STU-021,2025-03-12,Present
STU-021,2025-03-15,Absent
STU-021,2025-03-17,Present
STU-021,2025-03-19,Present
STU-021,2025-03-22,Present
STU-021,2025-03-24,Present
STU-021,2025-03-26,Absent
STU-021,2025-03-29,Present
STU-021,2025-03-31,Present
STU-021,2025-04-02,Present
STU-021,2025-04-05,Absent
STU-021,2025-04-07,Present
STU-021,2025-04-09,Present
STU-021,2025-04-12,Present
STU-021,2025-04-14,Present
STU-021,2025-04-16,Absent
STU-021,2025-04-19,Present
STU-021,2025-04-21,Present
STU-021,2025-04-23,Absent
STU-021,2025-04-26,Absent
STU-021,2025-04-28,Present
STU-021,2025-04-30,Absent
STU-021,2025-05-03,Present
STU-021,2025-05-05,Present
STU-021,2025-05-07,Present
STU-022,2025-03-04,Absent
STU-022,2025-03-06,Absent
STU-022,2025-03-08,Present
STU-022,2025-03-11,Present
STU-022,2025-03-13,Absent
STU-022,2025-03-15,Present
STU-022,2025-03-18,Absent
STU-022,2025-03-20,Present
STU-022,2025-03-22,Present
STU-022,2025-03-25,Present
STU-022,2025-03-27,Present
STU-022,2025-03-29,Present
STU-022,2025-04-01,Absent
STU-022,2025-04-03,Present
STU-022,2025-04-05,Absent
STU-022,2025-04-08,Absent
STU-022,2025-04-10,Absent
STU-022,2025-04-12,Present
STU-022,2025-04-15,Present
STU-022,2025-04-17,Present
STU-022,2025-04-19,Present
STU-022,2025-04-22,Present
STU-022,2025-04-24,Present
STU-022,2025-04-26,Present
STU-022,2025-04-29,Present
STU-022,2025-05-01,Absent
STU-022,2025-05-03,Present
STU-022,2025-05-06,Present
STU-022,2025-05-08,Absent
STU-022,2025-05-10,Present
STU-022,2025-05-13,Absent
STU-022,2025-05-15,Present
STU-022,2025-05-17,Absent
STU-022,2025-05-20,Present
STU-022,2025-05-22,Present
STU-022,2025-05-24,Present
STU-023,2025-01-26,Present
STU-023,2025-01-28,Present
STU-023,2025-01-30,Present
STU-023,2025-02-02,Present
STU-023,2025-02-04,Present
STU-023,2025-02-06,Present
STU-023,2025-02-09,Present
STU-023,2025-02-11,Absent
STU-023,2025-02-13,Present
STU-023,2025-02-16,Absent
STU-023,2025-02-18,Present
STU-023,2025-02-20,Present
STU-023,2025-02-23,Present
STU-023,2025-02-25,Present
STU-023,2025-02-27,Present
STU-023,2025-03-02,Present
STU-023,2025-03-04,Present
STU-023,2025-03-06,Present
STU-023,2025-03-09,Present
STU-023,2025-03-11,Present
STU-023,2025-03-13,Present
STU-023,2025-03-16,Absent
STU-023,2025-03-18,Absent
STU-023,2025-03-20,Present
STU-023,2025-03-23,Present
STU-023,2025-03-25,Present
STU-023,2025-03-27,Present
STU-023,2025-03-30,Present
STU-023,2025-04-01,Present
STU-023,2025-04-03,Present
STU-023,2025-04-06,Present
STU-023,2025-04-08,Present
STU-023,2025-04-10,Present
STU-023,2025-04-13,Present
STU-023,2025-04-15,Present
STU-023,2025-04-17,Absent
STU-024,2025-02-10,Present
STU-024,2025-02-12,Present
STU-024,2025-02-14,Present
STU-024,2025-02-17,Absent
STU-024,2025-02-19,Present
STU-024,2025-02-21,Present
STU-024,2025-02-24,Present
STU-024,2025-02-26,Present
STU-024,2025-02-28,Present
STU-024,2025-03-03,Absent
STU-024,2025-03-05,Present
STU-024,2025-03-07,Absent
STU-024,2025-03-10,Present
STU-024,2025-03-12,Present
STU-024,2025-03-14,Present
STU-024,2025-03-17,Present
STU-024,2025-03-19,Absent
STU-024,2025-03-21,Absent
STU-024,2025-03-24,Present
STU-024,2025-03-26,Present
STU-024,2025-03-28,Absent
STU-024,2025-03-31,Present
STU-024,2025-04-02,Absent
STU-024,2025-04-04,Absent
STU-024,2025-04-07,Absent
STU-024,2025-04-09,Present
STU-024,2025-04-11,Present
STU-024,2025-04-14,Present
STU-024,2025-04-16,Present
STU-024,2025-04-18,Present
STU-024,2025-04-21,Present
STU-024,2025-04-23,Present
STU-024,2025-04-25,Absent
STU-024,2025-04-28,Present
STU-024,2025-04-30,Absent
STU-024,2025-05-02,Absent
STU-025,2025-02-02,Absent
STU-025,2025-02-04,Present
STU-025,2025-02-06,Absent
STU-025,2025-02-09,Present
STU-025,2025-02-11,Absent
STU-025,2025-02-13,Absent
STU-025,2025-02-16,Present
STU-025,2025-02-18,Present
STU-025,2025-02-20,Present
STU-025,2025-02-23,Present
STU-025,2025-02-25,Present
STU-025,2025-02-27,Present
STU-025,2025-03-02,Present
STU-025,2025-03-04,Present
STU-025,2025-03-06,Absent
STU-025,2025-03-09,Present
STU-025,2025-03-11,Present
STU-025,2025-03-13,Absent
STU-025,2025-03-16,Present
STU-025,2025-03-18,Absent
STU-025,2025-03-20,Absent
STU-025,2025-03-23,Present
STU-025,2025-03-25,Present
STU-025,2025-03-27,Absent
STU-025,2025-03-30,Present
STU-025,2025-04-01,Absent
STU-025,2025-04-03,Present
STU-025,2025-04-06,Absent
STU-025,2025-04-08,Present
STU-025,2025-04-10,Absent
STU-025,2025-04-13,Absent
STU-025,2025-04-15,Present
STU-025,2025-04-17,Absent
STU-025,2025-04-20,Absent
STU-025,2025-04-22,Absent
STU-025,2025-04-24,Present
STU-026,2025-03-05,Absent
STU-026,2025-03-07,Absent
STU-026,2025-03-09,Absent
STU-026,2025-03-12,Present
STU-026,2025-03-14,Present
STU-026,2025-03-16,Present
STU-026,2025-03-19,Present
STU-026,2025-03-21,Present
STU-026,2025-03-23,Present
STU-026,2025-03-26,Absent
STU-026,2025-03-28,Present
STU-026,2025-03-30,Present
STU-026,2025-04-02,Present
STU-026,2025-04-04,Absent
STU-026,2025-04-06,Present
STU-026,2025-04-09,Present
STU-026,2025-04-11,Present
STU-026,2025-04-13,Present
STU-026,2025-04-16,Present
STU-026,2025-04-18,Present
STU-026,2025-04-20,Absent
STU-026,2025-04-23,Absent
STU-026,2025-04-25,Absent
STU-026,2025-04-27,Present
STU-026,2025-04-30,Present
STU-026,2025-05-02,Present
STU-026,2025-05-04,Present
STU-026,2025-05-07,Present
STU-026,2025-05-09,Present
STU-026,2025-05-11,Present
STU-026,2025-05-14,Present
STU-026,2025-05-16,Present
STU-026,2025-05-18,Absent
STU-026,2025-05-21,Present
STU-026,2025-05-23,Present
STU-026,2025-05-25,Absent
STU-027,2025-02-17,Present
STU-027,2025-02-19,Present
STU-027,2025-02-21,Present
STU-027,2025-02-24,Present
STU-027,2025-02-26,Present
STU-027,2025-02-28,Present
STU-027,2025-03-03,Present
STU-027,2025-03-05,Absent
STU-027,2025-03-07,Present
STU-027,2025-03-10,Present
STU-027,2025-03-12,Present
STU-027,2025-03-14,Present
STU-027,2025-03-17,Present
STU-027,2025-03-19,Present
STU-027,2025-03-21,Absent
STU-027,2025-03-24,Present
STU-027,2025-03-26,Present
STU-027,2025-03-28,Present
STU-027,2025-03-31,Present
STU-027,2025-04-02,Present
STU-027,2025-04-04,Absent
STU-027,2025-04-07,Present
STU-027,2025-04-09,Absent
STU-027,2025-04-11,Present
STU-027,2025-04-14,Present
STU-027,2025-04-16,Present
STU-027,2025-04-18,Present
STU-027,2025-04-21,Present
STU-027,2025-04-23,Present
STU-027,2025-04-25,Present
STU-027,2025-04-28,Present
STU-027,2025-04-30,Present
STU-027,2025-05-02,Present
STU-027,2025-05-05,Absent
STU-027,2025-05-07,Present
STU-027,2025-05-09,Present
STU-028,2025-02-13,Present
STU-028,2025-02-15,Present
STU-028,2025-02-17,Present
STU-028,2025-02-20,Present
STU-028,2025-02-22,Present
STU-028,2025-02-24,Present
STU-028,2025-02-27,Present
STU-028,2025-03-01,Present
STU-028,2025-03-03,Present
STU-028,2025-03-06,Present
STU-028,2025-03-08,Present
STU-028,2025-03-10,Present
STU-028,2025-03-13,Absent
STU-028,2025-03-15,Present
STU-028,2025-03-17,Absent
STU-028,2025-03-20,Absent
STU-028,2025-03-22,Present
STU-028,2025-03-24,Present
STU-028,2025-03-27,Absent
STU-028,2025-03-29,Present
STU-028,2025-03-31,Present
STU-028,2025-04-03,Absent
STU-028,2025-04-05,Present
STU-028,2025-04-07,Present
STU-028,2025-04-10,Present
STU-028,2025-04-12,Present
STU-028,2025-04-14,Absent
STU-028,2025-04-17,Absent
STU-028,2025-04-19,Present
STU-028,2025-04-21,Absent
STU-028,2025-04-24,Present
STU-028,2025-04-26,Absent
STU-028,2025-04-28,Absent
STU-028,2025-05-01,Present
STU-028,2025-05-03,Present
STU-028,2025-05-05,Absent
STU-029,2025-01-12,Present
STU-029,2025-01-14,Present
STU-029,2025-01-16,Present
STU-029,2025-01-19,Present
STU-029,2025-01-21,Present
STU-029,2025-01-23,Absent
STU-029,2025-01-26,Present
STU-029,2025-01-28,Absent
STU-029,2025-01-30,Present
STU-029,2025-02-02,Present
STU-029,2025-02-04,Present
STU-029,2025-02-06,Present
STU-029,2025-02-09,Present
STU-029,2025-02-11,Present
STU-029,2025-02-13,Present
STU-029,2025-02-16,Present
STU-029,2025-02-18,Present
STU-029,2025-02-20,Present
STU-029,2025-02-23,Present
STU-029,2025-02-25,Present
STU-029,2025-02-27,Present
STU-029,2025-03-02,Present
STU-029,2025-03-04,Present
STU-029,2025-03-06,Present
STU-029,2025-03-09,Present
STU-029,2025-03-11,Present
STU-029,2025-03-13,Present
STU-029,2025-03-16,Present
STU-029,2025-03-18,Present
STU-029,2025-03-20,Present
STU-029,2025-03-23,Present
STU-029,2025-03-25,Present
STU-029,2025-03-27,Present
STU-029,2025-03-30,Present
STU-029,2025-04-01,Present
STU-029,2025-04-03,Present
STU-030,2025-03-08,Absent
STU-030,2025-03-10,Present
STU-030,2025-03-12,Present
STU-030,2025-03-15,Present
STU-030,2025-03-17,Present
STU-030,2025-03-19,Present
STU-030,2025-03-22,Present
STU-030,2025-03-24,Present
STU-030,2025-03-26,Present
STU-030,2025-03-29,Present
STU-030,2025-03-31,Present
STU-030,2025-04-02,Absent
STU-030,2025-04-05,Present
STU-030,2025-04-07,Present
STU-030,2025-04-09,Present
STU-030,2025-04-12,Absent
STU-030,2025-04-14,Present
STU-030,2025-04-16,Present
STU-030,2025-04-19,Present
STU-030,2025-04-21,Present
STU-030,2025-04-23,Present
STU-030,2025-04-26,Present
STU-030,2025-04-28,Present
STU-030,2025-04-30,Present
STU-030,2025-05-03,Present
STU-030,2025-05-05,Present
STU-030,2025-05-07,Present
STU-030,2025-05-10,Present
STU-030,2025-05-12,Present
STU-030,2025-05-14,Present
STU-030,2025-05-17,Present
STU-030,2025-05-19,Present
STU-030,2025-05-21,Present
STU-030,2025-05-24,Present
STU-030,2025-05-26,Present
STU-030,2025-05-28,Present
STU-031,2025-01-15,Present
STU-031,2025-01-17,Present
STU-031,2025-01-19,Present
STU-031,2025-01-22,Present
STU-031,2025-01-24,Present
STU-031,2025-01-26,Present
STU-031,2025-01-29,Present
STU-031,2025-01-31,Present
STU-031,2025-02-02,Present
STU-031,2025-02-05,Present
STU-031,2025-02-07,Present
STU-031,2025-02-09,Present
STU-031,2025-02-12,Absent
STU-031,2025-02-14,Present
STU-031,2025-02-16,Present
STU-031,2025-02-19,Present
STU-031,2025-02-21,Present
STU-031,2025-02-23,Present
STU-031,2025-02-26,Absent
STU-031,2025-02-28,Present
STU-031,2025-03-02,Present
STU-031,2025-03-05,Absent
STU-031,2025-03-07,Present
STU-031,2025-03-09,Present
STU-031,2025-03-12,Present
STU-031,2025-03-14,Present
STU-031,2025-03-16,Present
STU-031,2025-03-19,Absent
STU-031,2025-03-21,Absent
STU-031,2025-03-23,Present
STU-031,2025-03-26,Absent
STU-031,2025-03-28,Present
STU-031,2025-03-30,Present
STU-031,2025-04-02,Present
STU-031,2025-04-04,Present
STU-031,2025-04-06,Absent
STU-032,2025-02-01,Present
STU-032,2025-02-03,Absent
STU-032,2025-02-05,Present
STU-032,2025-02-08,Absent
STU-032,2025-02-10,Absent
STU-032,2025-02-12,Present
STU-032,2025-02-15,Present
STU-032,2025-02-17,Present
STU-032,2025-02-19,Present
STU-032,2025-02-22,Present
STU-032,2025-02-24,Present
STU-032,2025-02-26,Present
STU-032,2025-03-01,Present
STU-032,2025-03-03,Present
STU-032,2025-03-05,Present
STU-032,2025-03-08,Present
STU-032,2025-03-10,Present
STU-032,2025-03-12,Present
STU-032,2025-03-15,Present
STU-032,2025-03-17,Present
STU-032,2025-03-19,Present
STU-032,2025-03-22,Present
STU-032,2025-03-24,Present
STU-032,2025-03-26,Present
STU-032,2025-03-29,Present
STU-032,2025-03-31,Present
STU-032,2025-04-02,Absent
STU-032,2025-04-05,Present
STU-032,2025-04-07,Present
STU-032,2025-04-09,Present
STU-032,2025-04-12,Present
STU-032,2025-04-14,Present
STU-032,2025-04-16,Absent
STU-032,2025-04-19,Present
STU-032,2025-04-21,Present
STU-032,2025-04-23,Present
STU-033,2025-02-16,Absent
STU-033,2025-02-18,Absent
STU-033,2025-02-20,Present
STU-033,2025-02-23,Absent
STU-033,2025-02-25,Present
STU-033,2025-02-27,Present
STU-033,2025-03-02,Present
STU-033,2025-03-04,Absent
STU-033,2025-03-06,Present
STU-033,2025-03-09,Present
STU-033,2025-03-11,Present
STU-033,2025-03-13,Absent
STU-033,2025-03-16,Absent
STU-033,2025-03-18,Present
STU-033,2025-03-20,Absent
STU-033,2025-03-23,Absent
STU-033,2025-03-25,Present
STU-033,2025-03-27,Present
STU-033,2025-03-30,Present
STU-033,2025-04-01,Absent
STU-033,2025-04-03,Present
STU-033,2025-04-06,Present
STU-033,2025-04-08,Present
STU-033,2025-04-10,Absent
STU-033,2025-04-13,Absent
STU-033,2025-04-15,Absent
STU-033,2025-04-17,Absent
STU-033,2025-04-20,Present
STU-033,2025-04-22,Present
STU-033,2025-04-24,Absent
STU-033,2025-04-27,Absent
STU-033,2025-04-29,Absent
STU-033,2025-05-01,Absent
STU-033,2025-05-04,Present
STU-033,2025-05-06,Present
STU-033,2025-05-08,Present
STU-034,2025-02-24,Absent
STU-034,2025-02-26,Present
STU-034,2025-02-28,Absent
STU-034,2025-03-03,Present
STU-034,2025-03-05,Present
STU-034,2025-03-07,Absent
STU-034,2025-03-10,Absent
STU-034,2025-03-12,Present
STU-034,2025-03-14,Absent
STU-034,2025-03-17,Present
STU-034,2025-03-19,Present
STU-034,2025-03-21,Present
STU-034,2025-03-24,Present
STU-034,2025-03-26,Present
STU-034,2025-03-28,Absent
STU-034,2025-03-31,Absent
STU-034,2025-04-02,Present
STU-034,2025-04-04,Absent
STU-034,2025-04-07,Present
STU-034,2025-04-09,Present
STU-034,2025-04-11,Present
STU-034,2025-04-14,Present
STU-034,2025-04-16,Absent
STU-034,2025-04-18,Present
STU-034,2025-04-21,Absent
STU-034,2025-04-23,Absent
STU-034,2025-04-25,Present
STU-034,2025-04-28,Present
STU-034,2025-04-30,Absent
STU-034,2025-05-02,Present
STU-034,2025-05-05,Absent
STU-034,2025-05-07,Present
STU-034,2025-05-09,Absent
STU-034,2025-05-12,Absent
STU-034,2025-05-14,Present
STU-034,2025-05-16,Absent
STU-035,2025-01-17,Present
STU-035,2025-01-19,Present
STU-035,2025-01-21,Present
STU-035,2025-01-24,Absent
STU-035,2025-01-26,Present
STU-035,2025-01-28,Absent
STU-035,2025-01-31,Present
STU-035,2025-02-02,Present
STU-035,2025-02-04,Present
STU-035,2025-02-07,Present
STU-035,2025-02-09,Present
STU-035,2025-02-11,Present
STU-035,2025-02-14,Present
STU-035,2025-02-16,Absent
STU-035,2025-02-18,Present
STU-035,2025-02-21,Absent
STU-035,2025-02-23,Absent
STU-035,2025-02-25,Present
STU-035,2025-02-28,Present
STU-035,2025-03-02,Present
STU-035,2025-03-04,Present
STU-035,2025-03-07,Present
STU-035,2025-03-09,Present
STU-035,2025-03-11,Absent
STU-035,2025-03-14,Present
STU-035,2025-03-16,Present
STU-035,2025-03-18,Present
STU-035,2025-03-21,Present
STU-035,2025-03-23,Present
STU-035,2025-03-25,Absent
STU-035,2025-03-28,Present
STU-035,2025-03-30,Present
STU-035,2025-04-01,Present
STU-035,2025-04-04,Present
STU-035,2025-04-06,Absent
STU-035,2025-04-08,Absent
STU-036,2025-02-01,Present
STU-036,2025-02-03,Present
STU-036,2025-02-05,Present
STU-036,2025-02-08,Present
STU-036,2025-02-10,Present
STU-036,2025-02-12,Present
STU-036,2025-02-15,Absent
STU-036,2025-02-17,Present
STU-036,2025-02-19,Present
STU-036,2025-02-22,Present
STU-036,2025-02-24,Present
STU-036,2025-02-26,Absent
STU-036,2025-03-01,Absent
STU-036,2025-03-03,Present
STU-036,2025-03-05,Present
STU-036,2025-03-08,Present
STU-036,2025-03-10,Absent
STU-036,2025-03-12,Present
STU-036,2025-03-15,Present
STU-036,2025-03-17,Present
STU-036,2025-03-19,Present
STU-036,2025-03-22,Present
STU-036,2025-03-24,Present
STU-036,2025-03-26,Present
STU-036,2025-03-29,Present
STU-036,2025-03-31,Present
STU-036,2025-04-02,Present
STU-036,2025-04-05,Present
STU-036,2025-04-07,Present
STU-036,2025-04-09,Present
STU-036,2025-04-12,Present
STU-036,2025-04-14,Present
STU-036,2025-04-16,Absent
STU-036,2025-04-19,Present
STU-036,2025-04-21,Present
STU-036,2025-04-23,Present
STU-037,2025-02-17,Absent
STU-037,2025-02-19,Present
STU-037,2025-02-21,Present
STU-037,2025-02-24,Present
STU-037,2025-02-26,Present
STU-037,2025-02-28,Present
STU-037,2025-03-03,Present
STU-037,2025-03-05,Present
STU-037,2025-03-07,Present
STU-037,2025-03-10,Present
STU-037,2025-03-12,Present
STU-037,2025-03-14,Present
STU-037,2025-03-17,Absent
STU-037,2025-03-19,Present
STU-037,2025-03-21,Present
STU-037,2025-03-24,Present
STU-037,2025-03-26,Present
STU-037,2025-03-28,Present
STU-037,2025-03-31,Present
STU-037,2025-04-02,Present
STU-037,2025-04-04,Present
STU-037,2025-04-07,Present
STU-037,2025-04-09,Present
STU-037,2025-04-11,Present
STU-037,2025-04-14,Present
STU-037,2025-04-16,Present
STU-037,2025-04-18,Present
STU-037,2025-04-21,Present
STU-037,2025-04-23,Present
STU-037,2025-04-25,Present
STU-037,2025-04-28,Present
STU-037,2025-04-30,Present
STU-037,2025-05-02,Present
STU-037,2025-05-05,Present
STU-037,2025-05-07,Present
STU-037,2025-05-09,Present
STU-038,2025-01-25,Present
STU-038,2025-01-27,Present
STU-038,2025-01-29,Absent
STU-038,2025-02-01,Absent
STU-038,2025-02-03,Present
STU-038,2025-02-05,Present
STU-038,2025-02-08,Absent
STU-038,2025-02-10,Present
STU-038,2025-02-12,Absent
STU-038,2025-02-15,Present
STU-038,2025-02-17,Present
STU-038,2025-02-19,Present
STU-038,2025-02-22,Present
STU-038,2025-02-24,Present
STU-038,2025-02-26,Present
STU-038,2025-03-01,Present
STU-038,2025-03-03,Absent
STU-038,2025-03-05,Present
STU-038,2025-03-08,Absent
STU-038,2025-03-10,Present
STU-038,2025-03-12,Absent
STU-038,2025-03-15,Present
STU-038,2025-03-17,Absent
STU-038,2025-03-19,Present
STU-038,2025-03-22,Present
STU-038,2025-03-24,Absent
STU-038,2025-03-26,Present
STU-038,2025-03-29,Present
STU-038,2025-03-31,Absent
STU-038,2025-04-02,Present
STU-038,2025-04-05,Absent
STU-038,2025-04-07,Absent
STU-038,2025-04-09,Present
STU-038,2025-04-12,Absent
STU-038,2025-04-14,Present
STU-038,2025-04-16,Present
STU-039,2025-01-28,Present
STU-039,2025-01-30,Present
STU-039,2025-02-01,Present
STU-039,2025-02-04,Present
STU-039,2025-02-06,Present
STU-039,2025-02-08,Present
STU-039,2025-02-11,Present
STU-039,2025-02-13,Present
STU-039,2025-02-15,Present
STU-039,2025-02-18,Present
STU-039,2025-02-20,Present
STU-039,2025-02-22,Present
STU-039,2025-02-25,Present
STU-039,2025-02-27,Present
STU-039,2025-03-01,Present
STU-039,2025-03-04,Present
STU-039,2025-03-06,Present
STU-039,2025-03-08,Present
STU-039,2025-03-11,Present
STU-039,2025-03-13,Present
STU-039,2025-03-15,Present
STU-039,2025-03-18,Present
STU-039,2025-03-20,Present
STU-039,2025-03-22,Present
STU-039,2025-03-25,Present
STU-039,2025-03-27,Present
STU-039,2025-03-29,Present
STU-039,2025-04-01,Present
STU-039,2025-04-03,Present
STU-039,2025-04-05,Present
STU-039,2025-04-08,Present
STU-039,2025-04-10,Present
STU-039,2025-04-12,Present
STU-039,2025-04-15,Present
STU-039,2025-04-17,Present
STU-039,2025-04-19,Present
STU-040,2025-01-27,Absent
STU-040,2025-01-29,Present
STU-040,2025-01-31,Present
STU-040,2025-02-03,Present
STU-040,2025-02-05,Present
STU-040,2025-02-07,Present
STU-040,2025-02-10,Present
STU-040,2025-02-12,Present
STU-040,2025-02-14,Present
STU-040,2025-02-17,Present
STU-040,2025-02-19,Present
STU-040,2025-02-21,Present
STU-040,2025-02-24,Present
STU-040,2025-02-26,Present
STU-040,2025-02-28,Present
STU-040,2025-03-03,Present
STU-040,2025-03-05,Present
STU-040,2025-03-07,Present
STU-040,2025-03-10,Present
STU-040,2025-03-12,Absent
STU-040,2025-03-14,Present
STU-040,2025-03-17,Present
STU-040,2025-03-19,Present
STU-040,2025-03-21,Present
STU-040,2025-03-24,Present
STU-040,2025-03-26,Present
STU-040,2025-03-28,Present
STU-040,2025-03-31,Absent
STU-040,2025-04-02,Present
STU-040,2025-04-04,Present
STU-040,2025-04-07,Absent
STU-040,2025-04-09,Present
STU-040,2025-04-11,Present
STU-040,2025-04-14,Absent
STU-040,2025-04-16,Absent
STU-040,2025-04-18,Present
STU-041,2025-02-14,Present
STU-041,2025-02-16,Present
STU-041,2025-02-18,Present
STU-041,2025-02-21,Present
STU-041,2025-02-23,Present
STU-041,2025-02-25,Present
STU-041,2025-02-28,Present
STU-041,2025-03-02,Present
STU-041,2025-03-04,Present
STU-041,2025-03-07,Present
STU-041,2025-03-09,Present
STU-041,2025-03-11,Present
STU-041,2025-03-14,Absent
STU-041,2025-03-16,Present
STU-041,2025-03-18,Present
STU-041,2025-03-21,Present
STU-041,2025-03-23,Present
STU-041,2025-03-25,Present
STU-041,2025-03-28,Present
STU-041,2025-03-30,Present
STU-041,2025-04-01,Present
STU-041,2025-04-04,Present
STU-041,2025-04-06,Present
STU-041,2025-04-08,Present
STU-041,2025-04-11,Present
STU-041,2025-04-13,Present
STU-041,2025-04-15,Present
STU-041,2025-04-18,Present
STU-041,2025-04-20,Absent
STU-041,2025-04-22,Present
STU-041,2025-04-25,Present
STU-041,2025-04-27,Present
STU-041,2025-04-29,Absent
STU-041,2025-05-02,Present
STU-041,2025-05-04,Present
STU-041,2025-05-06,Present
STU-042,2025-02-07,Absent
STU-042,2025-02-09,Present
STU-042,2025-02-11,Present
STU-042,2025-02-14,Present
STU-042,2025-02-16,Absent
STU-042,2025-02-18,Present
STU-042,2025-02-21,Present
STU-042,2025-02-23,Present
STU-042,2025-02-25,Present
STU-042,2025-02-28,Absent
STU-042,2025-03-02,Present
STU-042,2025-03-04,Present
STU-042,2025-03-07,Absent
STU-042,2025-03-09,Absent
STU-042,2025-03-11,Present
STU-042,2025-03-14,Present
STU-042,2025-03-16,Present
STU-042,2025-03-18,Present
STU-042,2025-03-21,Present
STU-042,2025-03-23,Present
STU-042,2025-03-25,Present
STU-042,2025-03-28,Present
STU-042,2025-03-30,Present
STU-042,2025-04-01,Absent
STU-042,2025-04-04,Present
STU-042,2025-04-06,Present
STU-042,2025-04-08,Present
STU-042,2025-04-11,Present
STU-042,2025-04-13,Present
STU-042,2025-04-15,Present
STU-042,2025-04-18,Absent
STU-042,2025-04-20,Present
STU-042,2025-04-22,Absent
STU-042,2025-04-25,Present
STU-042,2025-04-27,Present
STU-042,2025-04-29,Present
STU-043,2025-01-06,Present
STU-043,2025-01-08,Present
STU-043,2025-01-10,Present
STU-043,2025-01-13,Absent
STU-043,2025-01-15,Present
STU-043,2025-01-17,Present
STU-043,2025-01-20,Absent
STU-043,2025-01-22,Present
STU-043,2025-01-24,Absent
STU-043,2025-01-27,Absent
STU-043,2025-01-29,Absent
STU-043,2025-01-31,Present
STU-043,2025-02-03,Absent
STU-043,2025-02-05,Present
STU-043,2025-02-07,Present
STU-043,2025-02-10,Present
STU-043,2025-02-12,Present
STU-043,2025-02-14,Absent
STU-043,2025-02-17,Present
STU-043,2025-02-19,Present
STU-043,2025-02-21,Present
STU-043,2025-02-24,Absent
STU-043,2025-02-26,Present
STU-043,2025-02-28,Present
STU-043,2025-03-03,Present
STU-043,2025-03-05,Present
STU-043,2025-03-07,Present
STU-043,2025-03-10,Present
STU-043,2025-03-12,Absent
STU-043,2025-03-14,Present
STU-043,2025-03-17,Absent
STU-043,2025-03-19,Absent
STU-043,2025-03-21,Present
STU-043,2025-03-24,Present
STU-043,2025-03-26,Absent
STU-043,2025-03-28,Present
STU-044,2025-01-17,Present
STU-044,2025-01-19,Present
STU-044,2025-01-21,Absent
STU-044,2025-01-24,Present
STU-044,2025-01-26,Present
STU-044,2025-01-28,Present
STU-044,2025-01-31,Present
STU-044,2025-02-02,Present
STU-044,2025-02-04,Present
STU-044,2025-02-07,Absent
STU-044,2025-02-09,Present
STU-044,2025-02-11,Absent
STU-044,2025-02-14,Absent
STU-044,2025-02-16,Present
STU-044,2025-02-18,Present
STU-044,2025-02-21,Present
STU-044,2025-02-23,Present
STU-044,2025-02-25,Present
STU-044,2025-02-28,Present
STU-044,2025-03-02,Present
STU-044,2025-03-04,Absent
STU-044,2025-03-07,Present
STU-044,2025-03-09,Present
STU-044,2025-03-11,Present
STU-044,2025-03-14,Present
STU-044,2025-03-16,Present
STU-044,2025-03-18,Present
STU-044,2025-03-21,Absent
STU-044,2025-03-23,Present
STU-044,2025-03-25,Absent
STU-044,2025-03-28,Present
STU-044,2025-03-30,Present
STU-044,2025-04-01,Present
STU-044,2025-04-04,Present
STU-044,2025-04-06,Present
STU-044,2025-04-08,Present
STU-045,2025-03-08,Present
STU-045,2025-03-10,Present
STU-045,2025-03-12,Absent
STU-045,2025-03-15,Absent
STU-045,2025-03-17,Present
STU-045,2025-03-19,Present
STU-045,2025-03-22,Present
STU-045,2025-03-24,Present
STU-045,2025-03-26,Absent
STU-045,2025-03-29,Present
STU-045,2025-03-31,Present
STU-045,2025-04-02,Present
STU-045,2025-04-05,Absent
STU-045,2025-04-07,Present
STU-045,2025-04-09,Present
STU-045,2025-04-12,Present
STU-045,2025-04-14,Present
STU-045,2025-04-16,Present
STU-045,2025-04-19,Absent
STU-045,2025-04-21,Absent
STU-045,2025-04-23,Present
STU-045,2025-04-26,Present
STU-045,2025-04-28,Present
STU-045,2025-04-30,Absent
STU-045,2025-05-03,Absent
STU-045,2025-05-05,Present
STU-045,2025-05-07,Absent
STU-045,2025-05-10,Present
STU-045,2025-05-12,Absent
STU-045,2025-05-14,Present
STU-045,2025-05-17,Absent
STU-045,2025-05-19,Present
STU-045,2025-05-21,Absent
STU-045,2025-05-24,Absent
STU-045,2025-05-26,Present
STU-045,2025-05-28,Absent
STU-046,2025-02-28,Present
STU-046,2025-03-02,Absent
STU-046,2025-03-04,Present
STU-046,2025-03-07,Absent
STU-046,2025-03-09,Absent
STU-046,2025-03-11,Present
STU-046,2025-03-14,Absent
STU-046,2025-03-16,Present
STU-046,2025-03-18,Present
STU-046,2025-03-21,Present
STU-046,2025-03-23,Present
STU-046,2025-03-25,Present
STU-046,2025-03-28,Present
STU-046,2025-03-30,Present
STU-046,2025-04-01,Present
STU-046,2025-04-04,Present
STU-046,2025-04-06,Present
STU-046,2025-04-08,Present
STU-046,2025-04-11,Present
STU-046,2025-04-13,Present
STU-046,2025-04-15,Present
STU-046,2025-04-18,Present
STU-046,2025-04-20,Present
STU-046,2025-04-22,Absent
STU-046,2025-04-25,Absent
STU-046,2025-04-27,Present
STU-046,2025-04-29,Present
STU-046,2025-05-02,Absent
STU-046,2025-05-04,Absent
STU-046,2025-05-06,Absent
STU-046,2025-05-09,Absent
STU-046,2025-05-11,Absent
STU-046,2025-05-13,Present
STU-046,2025-05-16,Absent
STU-046,2025-05-18,Present
STU-046,2025-05-20,Present
STU-047,2025-02-08,Present
STU-047,2025-02-10,Present
STU-047,2025-02-12,Present
STU-047,2025-02-15,Present
STU-047,2025-02-17,Present
STU-047,2025-02-19,Present
STU-047,2025-02-22,Present
STU-047,2025-02-24,Present
STU-047,2025-02-26,Present
STU-047,2025-03-01,Present
STU-047,2025-03-03,Present
STU-047,2025-03-05,Present
STU-047,2025-03-08,Absent
STU-047,2025-03-10,Present
STU-047,2025-03-12,Absent
STU-047,2025-03-15,Present
STU-047,2025-03-17,Present
STU-047,2025-03-19,Present
STU-047,2025-03-22,Present
STU-047,2025-03-24,Present
STU-047,2025-03-26,Present
STU-047,2025-03-29,Present
STU-047,2025-03-31,Present
STU-047,2025-04-02,Present
STU-047,2025-04-05,Present
STU-047,2025-04-07,Present
STU-047,2025-04-09,Present
STU-047,2025-04-12,Present
STU-047,2025-04-14,Present
STU-047,2025-04-16,Present
STU-047,2025-04-19,Present
STU-047,2025-04-21,Present
STU-047,2025-04-23,Present
STU-047,2025-04-26,Present
STU-047,2025-04-28,Present
STU-047,2025-04-30,Present
STU-048,2025-02-20,Present
STU-048,2025-02-22,Absent
STU-048,2025-02-24,Present
STU-048,2025-02-27,Present
STU-048,2025-03-01,Absent
STU-048,2025-03-03,Present
STU-048,2025-03-06,Present
STU-048,2025-03-08,Absent
STU-048,2025-03-10,Present
STU-048,2025-03-13,Absent
STU-048,2025-03-15,Present
STU-048,2025-03-17,Absent
STU-048,2025-03-20,Present
STU-048,2025-03-22,Absent
STU-048,2025-03-24,Present
STU-048,2025-03-27,Absent
STU-048,2025-03-29,Present
STU-048,2025-03-31,Present
STU-048,2025-04-03,Absent
STU-048,2025-04-05,Present
STU-048,2025-04-07,Present
STU-048,2025-04-10,Present
STU-048,2025-04-12,Absent
STU-048,2025-04-14,Present
STU-048,2025-04-17,Absent
STU-048,2025-04-19,Absent
STU-048,2025-04-21,Present
STU-048,2025-04-24,Present
STU-048,2025-04-26,Present
STU-048,2025-04-28,Present
STU-048,2025-05-01,Absent
STU-048,2025-05-03,Present
STU-048,2025-05-05,Absent
STU-048,2025-05-08,Absent
STU-048,2025-05-10,Absent
STU-048,2025-05-12,Present
STU-049,2025-01-22,Present
STU-049,2025-01-24,Present
STU-049,2025-01-26,Absent
STU-049,2025-01-29,Present
STU-049,2025-01-31,Present
STU-049,2025-02-02,Absent
STU-049,2025-02-05,Present
STU-049,2025-02-07,Absent
STU-049,2025-02-09,Absent
STU-049,2025-02-12,Present
STU-049,2025-02-14,Absent
STU-049,2025-02-16,Present
STU-049,2025-02-19,Present
STU-049,2025-02-21,Present
STU-049,2025-02-23,Absent
STU-049,2025-02-26,Present
STU-049,2025-02-28,Absent
STU-049,2025-03-02,Absent
STU-049,2025-03-05,Present
STU-049,2025-03-07,Present
STU-049,2025-03-09,Absent
STU-049,2025-03-12,Absent
STU-049,2025-03-14,Present
STU-049,2025-03-16,Present
STU-049,2025-03-19,Absent
STU-049,2025-03-21,Present
STU-049,2025-03-23,Present
STU-049,2025-03-26,Absent
STU-049,2025-03-28,Present
STU-049,2025-03-30,Present
STU-049,2025-04-02,Present
STU-049,2025-04-04,Present
STU-049,2025-04-06,Present
STU-049,2025-04-09,Present
STU-049,2025-04-11,Absent
STU-049,2025-04-13,Absent
STU-050,2025-01-12,Absent
STU-050,2025-01-14,Present
STU-050,2025-01-16,Present
STU-050,2025-01-19,Present
STU-050,2025-01-21,Present
STU-050,2025-01-23,Present
STU-050,2025-01-26,Present
STU-050,2025-01-28,Present
STU-050,2025-01-30,Absent
STU-050,2025-02-02,Absent
STU-050,2025-02-04,Present
STU-050,2025-02-06,Present
STU-050,2025-02-09,Present
STU-050,2025-02-11,Present
STU-050,2025-02-13,Present
STU-050,2025-02-16,Absent
STU-050,2025-02-18,Absent
STU-050,2025-02-20,Absent
STU-050,2025-02-23,Present
STU-050,2025-02-25,Absent
STU-050,2025-02-27,Present
STU-050,2025-03-02,Present
STU-050,2025-03-04,Present
STU-050,2025-03-06,Present
STU-050,2025-03-09,Absent
STU-050,2025-03-11,Present
STU-050,2025-03-13,Present
STU-050,2025-03-16,Present
STU-050,2025-03-18,Present
STU-050,2025-03-20,Present
STU-050,2025-03-23,Present
STU-050,2025-03-25,Present
STU-050,2025-03-27,Present
STU-050,2025-03-30,Present
STU-050,2025-04-01,Present
STU-050,2025-04-03,Present
STU-051,2025-03-21,Present
STU-051,2025-03-23,Present
STU-051,2025-03-25,Present
STU-051,2025-03-28,Present
STU-051,2025-03-30,Present
STU-051,2025-04-01,Present
STU-051,2025-04-04,Present
STU-051,2025-04-06,Present
STU-051,2025-04-08,Present
STU-051,2025-04-11,Present
STU-051,2025-04-13,Present
STU-051,2025-04-15,Present
STU-051,2025-04-18,Present
STU-051,2025-04-20,Present
STU-051,2025-04-22,Present
STU-051,2025-04-25,Present
STU-051,2025-04-27,Present
STU-051,2025-04-29,Present
STU-051,2025-05-02,Present
STU-051,2025-05-04,Present
STU-051,2025-05-06,Present
STU-051,2025-05-09,Present
STU-051,2025-05-11,Present
STU-051,2025-05-13,Present
STU-051,2025-05-16,Present
STU-051,2025-05-18,Present
STU-051,2025-05-20,Present
STU-051,2025-05-23,Present
STU-051,2025-05-25,Present
STU-051,2025-05-27,Absent
STU-051,2025-05-30,Present
STU-051,2025-06-01,Present
STU-051,2025-06-03,Present
STU-051,2025-06-06,Present
STU-051,2025-06-08,Present
STU-051,2025-06-10,Present
STU-052,2025-01-23,Absent
STU-052,2025-01-25,Absent
STU-052,2025-01-27,Present
STU-052,2025-01-30,Absent
STU-052,2025-02-01,Present
STU-052,2025-02-03,Present
STU-052,2025-02-06,Absent
STU-052,2025-02-08,Present
STU-052,2025-02-10,Present
STU-052,2025-02-13,Present
STU-052,2025-02-15,Present
STU-052,2025-02-17,Present
STU-052,2025-02-20,Present
STU-052,2025-02-22,Present
STU-052,2025-02-24,Present
STU-052,2025-02-27,Present
STU-052,2025-03-01,Present
STU-052,2025-03-03,Absent
STU-052,2025-03-06,Present
STU-052,2025-03-08,Present
STU-052,2025-03-10,Present
STU-052,2025-03-13,Absent
STU-052,2025-03-15,Present
STU-052,2025-03-17,Present
STU-052,2025-03-20,Present
STU-052,2025-03-22,Present
STU-052,2025-03-24,Absent
STU-052,2025-03-27,Absent
STU-052,2025-03-29,Present
STU-052,2025-03-31,Absent
STU-052,2025-04-03,Absent
STU-052,2025-04-05,Present
STU-052,2025-04-07,Present
STU-052,2025-04-10,Present
STU-052,2025-04-12,Absent
STU-052,2025-04-14,Present
STU-053,2025-03-07,Present
STU-053,2025-03-09,Present
STU-053,2025-03-11,Absent
STU-053,2025-03-14,Present
STU-053,2025-03-16,Absent
STU-053,2025-03-18,Absent
STU-053,2025-03-21,Absent
STU-053,2025-03-23,Present
STU-053,2025-03-25,Present
STU-053,2025-03-28,Present
STU-053,2025-03-30,Absent
STU-053,2025-04-01,Present
STU-053,2025-04-04,Present
STU-053,2025-04-06,Present
STU-053,2025-04-08,Present
STU-053,2025-04-11,Present
STU-053,2025-04-13,Present
STU-053,2025-04-15,Absent
STU-053,2025-04-18,Present
STU-053,2025-04-20,Absent
STU-053,2025-04-22,Present
STU-053,2025-04-25,Absent
STU-053,2025-04-27,Present
STU-053,2025-04-29,Absent
STU-053,2025-05-02,Absent
STU-053,2025-05-04,Present
STU-053,2025-05-06,Present
STU-053,2025-05-09,Present
STU-053,2025-05-11,Present
STU-053,2025-05-13,Present
STU-053,2025-05-16,Absent
STU-053,2025-05-18,Absent
STU-053,2025-05-20,Absent
STU-053,2025-05-23,Present
STU-053,2025-05-25,Absent
STU-053,2025-05-27,Absent
STU-054,2025-03-16,Present
STU-054,2025-03-18,Present
STU-054,2025-03-20,Present
STU-054,2025-03-23,Present
STU-054,2025-03-25,Present
STU-054,2025-03-27,Absent
STU-054,2025-03-30,Present
STU-054,2025-04-01,Present
STU-054,2025-04-03,Absent
STU-054,2025-04-06,Absent
STU-054,2025-04-08,Present
STU-054,2025-04-10,Present
STU-054,2025-04-13,Present
STU-054,2025-04-15,Absent
STU-054,2025-04-17,Present
STU-054,2025-04-20,Present
STU-054,2025-04-22,Present
STU-054,2025-04-24,Present
STU-054,2025-04-27,Present
STU-054,2025-04-29,Present
STU-054,2025-05-01,Present
STU-054,2025-05-04,Absent
STU-054,2025-05-06,Present
STU-054,2025-05-08,Present
STU-054,2025-05-11,Present
STU-054,2025-05-13,Present
STU-054,2025-05-15,Present
STU-054,2025-05-18,Present
STU-054,2025-05-20,Present
STU-054,2025-05-22,Present
STU-054,2025-05-25,Present
STU-054,2025-05-27,Present
STU-054,2025-05-29,Present
STU-054,2025-06-01,Present
STU-054,2025-06-03,Present
STU-054,2025-06-05,Present
STU-055,2025-02-02,Present
STU-055,2025-02-04,Present
STU-055,2025-02-06,Absent
STU-055,2025-02-09,Present
STU-055,2025-02-11,Present
STU-055,2025-02-13,Present
STU-055,2025-02-16,Present
STU-055,2025-02-18,Present
STU-055,2025-02-20,Present
STU-055,2025-02-23,Absent
STU-055,2025-02-25,Present
STU-055,2025-02-27,Present
STU-055,2025-03-02,Absent
STU-055,2025-03-04,Present
STU-055,2025-03-06,Present
STU-055,2025-03-09,Present
STU-055,2025-03-11,Present
STU-055,2025-03-13,Present
STU-055,2025-03-16,Present
STU-055,2025-03-18,Present
STU-055,2025-03-20,Absent
STU-055,2025-03-23,Present
STU-055,2025-03-25,Present
STU-055,2025-03-27,Present
STU-055,2025-03-30,Present
STU-055,2025-04-01,Present
STU-055,2025-04-03,Present
STU-055,2025-04-06,Absent
STU-055,2025-04-08,Present
STU-055,2025-04-10,Present
STU-055,2025-04-13,Absent
STU-055,2025-04-15,Absent
STU-055,2025-04-17,Present
STU-055,2025-04-20,Absent
STU-055,2025-04-22,Present
STU-055,2025-04-24,Present
STU-056,2025-01-29,Present
STU-056,2025-01-31,Present
STU-056,2025-02-02,Present
STU-056,2025-02-05,Present
STU-056,2025-02-07,Present
STU-056,2025-02-09,Absent
STU-056,2025-02-12,Present
STU-056,2025-02-14,Present
STU-056,2025-02-16,Absent
STU-056,2025-02-19,Absent
STU-056,2025-02-21,Present
STU-056,2025-02-23,Present
STU-056,2025-02-26,Present
STU-056,2025-02-28,Present
STU-056,2025-03-02,Present
STU-056,2025-03-05,Present
STU-056,2025-03-07,Present
STU-056,2025-03-09,Present
STU-056,2025-03-12,Present
STU-056,2025-03-14,Present
STU-056,2025-03-16,Present
STU-056,2025-03-19,Present
STU-056,2025-03-21,Present
STU-056,2025-03-23,Absent
STU-056,2025-03-26,Present
STU-056,2025-03-28,Present
STU-056,2025-03-30,Present
STU-056,2025-04-02,Present
STU-056,2025-04-04,Present
STU-056,2025-04-06,Present
STU-056,2025-04-09,Present
STU-056,2025-04-11,Present
STU-056,2025-04-13,Present
STU-056,2025-04-16,Present
STU-056,2025-04-18,Absent
STU-056,2025-04-20,Present
STU-057,2025-01-07,Present
STU-057,2025-01-09,Present
STU-057,2025-01-11,Absent
STU-057,2025-01-14,Present
STU-057,2025-01-16,Present
STU-057,2025-01-18,Present
STU-057,2025-01-21,Present
STU-057,2025-01-23,Absent
STU-057,2025-01-25,Present
STU-057,2025-01-28,Present
STU-057,2025-01-30,Present
STU-057,2025-02-01,Present
STU-057,2025-02-04,Present
STU-057,2025-02-06,Absent
STU-057,2025-02-08,Present
STU-057,2025-02-11,Present
STU-057,2025-02-13,Absent
STU-057,2025-02-15,Present
STU-057,2025-02-18,Present
STU-057,2025-02-20,Absent
STU-057,2025-02-22,Absent
STU-057,2025-02-25,Present
STU-057,2025-02-27,Present
STU-057,2025-03-01,Present
STU-057,2025-03-04,Present
STU-057,2025-03-06,Absent
STU-057,2025-03-08,Present
STU-057,2025-03-11,Absent
STU-057,2025-03-13,Present
STU-057,2025-03-15,Absent
STU-057,2025-03-18,Present
STU-057,2025-03-20,Present
STU-057,2025-03-22,Absent
STU-057,2025-03-25,Absent
STU-057,2025-03-27,Present
STU-057,2025-03-29,Present
STU-058,2025-02-19,Present
STU-058,2025-02-21,Absent
STU-058,2025-02-23,Present
STU-058,2025-02-26,Present
STU-058,2025-02-28,Absent
STU-058,2025-03-02,Present
STU-058,2025-03-05,Present
STU-058,2025-03-07,Present
STU-058,2025-03-09,Absent
STU-058,2025-03-12,Present
STU-058,2025-03-14,Present
STU-058,2025-03-16,Present
STU-058,2025-03-19,Present
STU-058,2025-03-21,Present
STU-058,2025-03-23,Present
STU-058,2025-03-26,Present
STU-058,2025-03-28,Present
STU-058,2025-03-30,Present
STU-058,2025-04-02,Absent
STU-058,2025-04-04,Present
STU-058,2025-04-06,Present
STU-058,2025-04-09,Present
STU-058,2025-04-11,Absent
STU-058,2025-04-13,Present
STU-058,2025-04-16,Present
STU-058,2025-04-18,Present
STU-058,2025-04-20,Present
STU-058,2025-04-23,Absent
STU-058,2025-04-25,Present
STU-058,2025-04-27,Present
STU-058,2025-04-30,Present
STU-058,2025-05-02,Absent
STU-058,2025-05-04,Present
STU-058,2025-05-07,Absent
STU-058,2025-05-09,Present
STU-058,2025-05-11,Present
STU-059,2025-02-12,Present
STU-059,2025-02-14,Present
STU-059,2025-02-16,Absent
STU-059,2025-02-19,Absent
STU-059,2025-02-21,Absent
STU-059,2025-02-23,Present
STU-059,2025-02-26,Present
STU-059,2025-02-28,Absent
STU-059,2025-03-02,Absent
STU-059,2025-03-05,Absent
STU-059,2025-03-07,Absent
STU-059,2025-03-09,Present
STU-059,2025-03-12,Present
STU-059,2025-03-14,Present
STU-059,2025-03-16,Present
STU-059,2025-03-19,Absent
STU-059,2025-03-21,Present
STU-059,2025-03-23,Absent
STU-059,2025-03-26,Absent
STU-059,2025-03-28,Absent
STU-059,2025-03-30,Present
STU-059,2025-04-02,Absent
STU-059,2025-04-04,Absent
STU-059,2025-04-06,Present
STU-059,2025-04-09,Present
STU-059,2025-04-11,Absent
STU-059,2025-04-13,Absent
STU-059,2025-04-16,Present
STU-059,2025-04-18,Present
STU-059,2025-04-20,Absent
STU-059,2025-04-23,Present
STU-059,2025-04-25,Absent
STU-059,2025-04-27,Present
STU-059,2025-04-30,Absent
STU-059,2025-05-02,Present
STU-059,2025-05-04,Absent
STU-060,2025-01-16,Absent
STU-060,2025-01-18,Absent
STU-060,2025-01-20,Absent
STU-060,2025-01-23,Present
STU-060,2025-01-25,Present
STU-060,2025-01-27,Present
STU-060,2025-01-30,Present
STU-060,2025-02-01,Present
STU-060,2025-02-03,Present
STU-060,2025-02-06,Present
STU-060,2025-02-08,Present
STU-060,2025-02-10,Absent
STU-060,2025-02-13,Absent
STU-060,2025-02-15,Absent
STU-060,2025-02-17,Present
STU-060,2025-02-20,Present
STU-060,2025-02-22,Present
STU-060,2025-02-24,Present
STU-060,2025-02-27,Present
STU-060,2025-03-01,Absent
STU-060,2025-03-03,Absent
STU-060,2025-03-06,Absent
STU-060,2025-03-08,Present
STU-060,2025-03-10,Present
STU-060,2025-03-13,Absent
STU-060,2025-03-15,Present
STU-060,2025-03-17,Present
STU-060,2025-03-20,Absent
STU-060,2025-03-22,Present
STU-060,2025-03-24,Present
STU-060,2025-03-27,Present
STU-060,2025-03-29,Absent
STU-060,2025-03-31,Present
STU-060,2025-04-03,Absent
STU-060,2025-04-05,Present
STU-060,2025-04-07,Absent
STU-061,2025-01-20,Present
STU-061,2025-01-22,Present
STU-061,2025-01-24,Absent
STU-061,2025-01-27,Present
STU-061,2025-01-29,Absent
STU-061,2025-01-31,Present
STU-061,2025-02-03,Present
STU-061,2025-02-05,Present
STU-061,2025-02-07,Present
STU-061,2025-02-10,Present
STU-061,2025-02-12,Present
STU-061,2025-02-14,Present
STU-061,2025-02-17,Present
STU-061,2025-02-19,Present
STU-061,2025-02-21,Present
STU-061,2025-02-24,Present
STU-061,2025-02-26,Present
STU-061,2025-02-28,Absent
STU-061,2025-03-03,Present
STU-061,2025-03-05,Present
STU-061,2025-03-07,Present
STU-061,2025-03-10,Present
STU-061,2025-03-12,Present
STU-061,2025-03-14,Present
STU-061,2025-03-17,Present
STU-061,2025-03-19,Present
STU-061,2025-03-21,Present
STU-061,2025-03-24,Present
STU-061,2025-03-26,Present
STU-061,2025-03-28,Absent
STU-061,2025-03-31,Present
STU-061,2025-04-02,Present
STU-061,2025-04-04,Present
STU-061,2025-04-07,Present
STU-061,2025-04-09,Present
STU-061,2025-04-11,Present
STU-062,2025-02-14,Absent
STU-062,2025-02-16,Present
STU-062,2025-02-18,Present
STU-062,2025-02-21,Present
STU-062,2025-02-23,Present
STU-062,2025-02-25,Present
STU-062,2025-02-28,Present
STU-062,2025-03-02,Present
STU-062,2025-03-04,Absent
STU-062,2025-03-07,Absent
STU-062,2025-03-09,Present
STU-062,2025-03-11,Present
STU-062,2025-03-14,Present
STU-062,2025-03-16,Absent
STU-062,2025-03-18,Present
STU-062,2025-03-21,Present
STU-062,2025-03-23,Absent
STU-062,2025-03-25,Absent
STU-062,2025-03-28,Present
STU-062,2025-03-30,Present
STU-062,2025-04-01,Absent
STU-062,2025-04-04,Present
STU-062,2025-04-06,Absent
STU-062,2025-04-08,Present
STU-062,2025-04-11,Present
STU-062,2025-04-13,Absent
STU-062,2025-04-15,Absent
STU-062,2025-04-18,Present
STU-062,2025-04-20,Absent
STU-062,2025-04-22,Absent
STU-062,2025-04-25,Absent
STU-062,2025-04-27,Present
STU-062,2025-04-29,Present
STU-062,2025-05-02,Absent
STU-062,2025-05-04,Present
STU-062,2025-05-06,Absent
STU-063,2025-01-17,Present
STU-063,2025-01-19,Present
STU-063,2025-01-21,Present
STU-063,2025-01-24,Absent
STU-063,2025-01-26,Present
STU-063,2025-01-28,Absent
STU-063,2025-01-31,Present
STU-063,2025-02-02,Present
STU-063,2025-02-04,Present
STU-063,2025-02-07,Present
STU-063,2025-02-09,Present
STU-063,2025-02-11,Present
STU-063,2025-02-14,Present
STU-063,2025-02-16,Present
STU-063,2025-02-18,Present
STU-063,2025-02-21,Present
STU-063,2025-02-23,Present
STU-063,2025-02-25,Present
STU-063,2025-02-28,Present
STU-063,2025-03-02,Present
STU-063,2025-03-04,Present
STU-063,2025-03-07,Present
STU-063,2025-03-09,Present
STU-063,2025-03-11,Present
STU-063,2025-03-14,Present
STU-063,2025-03-16,Present
STU-063,2025-03-18,Present
STU-063,2025-03-21,Present
STU-063,2025-03-23,Present
STU-063,2025-03-25,Present
STU-063,2025-03-28,Present
STU-063,2025-03-30,Present
STU-063,2025-04-01,Present
STU-063,2025-04-04,Present
STU-063,2025-04-06,Present
STU-063,2025-04-08,Present
STU-064,2025-02-21,Present
STU-064,2025-02-23,Present
STU-064,2025-02-25,Present
STU-064,2025-02-28,Present
STU-064,2025-03-02,Present
STU-064,2025-03-04,Present
STU-064,2025-03-07,Absent
STU-064,2025-03-09,Present
STU-064,2025-03-11,Present
STU-064,2025-03-14,Present
STU-064,2025-03-16,Absent
STU-064,2025-03-18,Absent
STU-064,2025-03-21,Present
STU-064,2025-03-23,Absent
STU-064,2025-03-25,Present
STU-064,2025-03-28,Present
STU-064,2025-03-30,Present
STU-064,2025-04-01,Present
STU-064,2025-04-04,Present
STU-064,2025-04-06,Absent
STU-064,2025-04-08,Present
STU-064,2025-04-11,Absent
STU-064,2025-04-13,Present
STU-064,2025-04-15,Absent
STU-064,2025-04-18,Present
STU-064,2025-04-20,Present
STU-064,2025-04-22,Present
STU-064,2025-04-25,Present
STU-064,2025-04-27,Present
STU-064,2025-04-29,Absent
STU-064,2025-05-02,Present
STU-064,2025-05-04,Present
STU-064,2025-05-06,Absent
STU-064,2025-05-09,Absent
STU-064,2025-05-11,Present
STU-064,2025-05-13,Present
STU-065,2025-02-20,Present
STU-065,2025-02-22,Present
STU-065,2025-02-24,Absent
STU-065,2025-02-27,Absent
STU-065,2025-03-01,Present
STU-065,2025-03-03,Present
STU-065,2025-03-06,Absent
STU-065,2025-03-08,Absent
STU-065,2025-03-10,Present
STU-065,2025-03-13,Present
STU-065,2025-03-15,Absent
STU-065,2025-03-17,Absent
STU-065,2025-03-20,Present
STU-065,2025-03-22,Absent
STU-065,2025-03-24,Present
STU-065,2025-03-27,Present
STU-065,2025-03-29,Present
STU-065,2025-03-31,Present
STU-065,2025-04-03,Present
STU-065,2025-04-05,Present
STU-065,2025-04-07,Present
STU-065,2025-04-10,Absent
STU-065,2025-04-12,Present
STU-065,2025-04-14,Present
STU-065,2025-04-17,Present
STU-065,2025-04-19,Absent
STU-065,2025-04-21,Absent
STU-065,2025-04-24,Absent
STU-065,2025-04-26,Present
STU-065,2025-04-28,Present
STU-065,2025-05-01,Present
STU-065,2025-05-03,Present
STU-065,2025-05-05,Absent
STU-065,2025-05-08,Absent
STU-065,2025-05-10,Present
STU-065,2025-05-12,Present
STU-066,2025-03-11,Present
STU-066,2025-03-13,Present
STU-066,2025-03-15,Absent
STU-066,2025-03-18,Absent
STU-066,2025-03-20,Present
STU-066,2025-03-22,Absent
STU-066,2025-03-25,Present
STU-066,2025-03-27,Present
STU-066,2025-03-29,Present
STU-066,2025-04-01,Present
STU-066,2025-04-03,Absent
STU-066,2025-04-05,Present
STU-066,2025-04-08,Absent
STU-066,2025-04-10,Present
STU-066,2025-04-12,Present
STU-066,2025-04-15,Present
STU-066,2025-04-17,Present
STU-066,2025-04-19,Present
STU-066,2025-04-22,Present
STU-066,2025-04-24,Absent
STU-066,2025-04-26,Absent
STU-066,2025-04-29,Present
STU-066,2025-05-01,Present
STU-066,2025-05-03,Present
STU-066,2025-05-06,Present
STU-066,2025-05-08,Absent
STU-066,2025-05-10,Present
STU-066,2025-05-13,Present
STU-066,2025-05-15,Present
STU-066,2025-05-17,Present
STU-066,2025-05-20,Present
STU-066,2025-05-22,Present
STU-066,2025-05-24,Absent
STU-066,2025-05-27,Present
STU-066,2025-05-29,Absent
STU-066,2025-05-31,Present
STU-067,2025-01-08,Absent
STU-067,2025-01-10,Present
STU-067,2025-01-12,Present
STU-067,2025-01-15,Present
STU-067,2025-01-17,Absent
STU-067,2025-01-19,Present
STU-067,2025-01-22,Present
STU-067,2025-01-24,Present
STU-067,2025-01-26,Present
STU-067,2025-01-29,Present
STU-067,2025-01-31,Present
STU-067,2025-02-02,Present
STU-067,2025-02-05,Absent
STU-067,2025-02-07,Present
STU-067,2025-02-09,Present
STU-067,2025-02-12,Present
STU-067,2025-02-14,Present
STU-067,2025-02-16,Present
STU-067,2025-02-19,Present
STU-067,2025-02-21,Present
STU-067,2025-02-23,Present
STU-067,2025-02-26,Present
STU-067,2025-02-28,Present
STU-067,2025-03-02,Present
STU-067,2025-03-05,Absent
STU-067,2025-03-07,Present
STU-067,2025-03-09,Present
STU-067,2025-03-12,Present
STU-067,2025-03-14,Present
STU-067,2025-03-16,Absent
STU-067,2025-03-19,Present
STU-067,2025-03-21,Present
STU-067,2025-03-23,Present
STU-067,2025-03-26,Present
STU-067,2025-03-28,Present
STU-067,2025-03-30,Present
STU-068,2025-03-01,Absent
STU-068,2025-03-03,Present
STU-068,2025-03-05,Present
STU-068,2025-03-08,Present
STU-068,2025-03-10,Absent
STU-068,2025-03-12,Present
STU-068,2025-03-15,Absent
STU-068,2025-03-17,Present
STU-068,2025-03-19,Present
STU-068,2025-03-22,Present
STU-068,2025-03-24,Absent
STU-068,2025-03-26,Present
STU-068,2025-03-29,Absent
STU-068,2025-03-31,Present
STU-068,2025-04-02,Absent
STU-068,2025-04-05,Present
STU-068,2025-04-07,Absent
STU-068,2025-04-09,Present
STU-068,2025-04-12,Absent
STU-068,2025-04-14,Present
STU-068,2025-04-16,Present
STU-068,2025-04-19,Present
STU-068,2025-04-21,Absent
STU-068,2025-04-23,Present
STU-068,2025-04-26,Present
STU-068,2025-04-28,Present
STU-068,2025-04-30,Present
STU-068,2025-05-03,Absent
STU-068,2025-05-05,Present
STU-068,2025-05-07,Present
STU-068,2025-05-10,Absent
STU-068,2025-05-12,Absent
STU-068,2025-05-14,Present
STU-068,2025-05-17,Absent
STU-068,2025-05-19,Present
STU-068,2025-05-21,Absent
STU-069,2025-02-02,Present
STU-069,2025-02-04,Absent
STU-069,2025-02-06,Present
STU-069,2025-02-09,Absent
STU-069,2025-02-11,Present
STU-069,2025-02-13,Absent
STU-069,2025-02-16,Present
STU-069,2025-02-18,Absent
STU-069,2025-02-20,Absent
STU-069,2025-02-23,Present
STU-069,2025-02-25,Absent
STU-069,2025-02-27,Present
STU-069,2025-03-02,Present
STU-069,2025-03-04,Present
STU-069,2025-03-06,Present
STU-069,2025-03-09,Present
STU-069,2025-03-11,Present
STU-069,2025-03-13,Absent
STU-069,2025-03-16,Present
STU-069,2025-03-18,Absent
STU-069,2025-03-20,Absent
STU-069,2025-03-23,Present
STU-069,2025-03-25,Absent
STU-069,2025-03-27,Present
STU-069,2025-03-30,Present
STU-069,2025-04-01,Present
STU-069,2025-04-03,Absent
STU-069,2025-04-06,Present
STU-069,2025-04-08,Absent
STU-069,2025-04-10,Present
STU-069,2025-04-13,Present
STU-069,2025-04-15,Absent
STU-069,2025-04-17,Absent
STU-069,2025-04-20,Present
STU-069,2025-04-22,Absent
STU-069,2025-04-24,Absent
STU-070,2025-02-14,Absent
STU-070,2025-02-16,Present
STU-070,2025-02-18,Present
STU-070,2025-02-21,Absent
STU-070,2025-02-23,Absent
STU-070,2025-02-25,Present
STU-070,2025-02-28,Present
STU-070,2025-03-02,Absent
STU-070,2025-03-04,Present
STU-070,2025-03-07,Absent
STU-070,2025-03-09,Present
STU-070,2025-03-11,Present
STU-070,2025-03-14,Present
STU-070,2025-03-16,Present
STU-070,2025-03-18,Present
STU-070,2025-03-21,Absent
STU-070,2025-03-23,Present
STU-070,2025-03-25,Present
STU-070,2025-03-28,Present
STU-070,2025-03-30,Absent
STU-070,2025-04-01,Present
STU-070,2025-04-04,Present
STU-070,2025-04-06,Present
STU-070,2025-04-08,Present
STU-070,2025-04-11,Present
STU-070,2025-04-13,Present
STU-070,2025-04-15,Present
STU-070,2025-04-18,Present
STU-070,2025-04-20,Present
STU-070,2025-04-22,Present
STU-070,2025-04-25,Present
STU-070,2025-04-27,Present
STU-070,2025-04-29,Present
STU-070,2025-05-02,Present
STU-070,2025-05-04,Present
STU-070,2025-05-06,Present
STU-071,2025-01-14,Absent
STU-071,2025-01-16,Present
STU-071,2025-01-18,Absent
STU-071,2025-01-21,Present
STU-071,2025-01-23,Present
STU-071,2025-01-25,Present
STU-071,2025-01-28,Present
STU-071,2025-01-30,Present
STU-071,2025-02-01,Present
STU-071,2025-02-04,Present
STU-071,2025-02-06,Present
STU-071,2025-02-08,Absent
STU-071,2025-02-11,Present
STU-071,2025-02-13,Present
STU-071,2025-02-15,Present
STU-071,2025-02-18,Present
STU-071,2025-02-20,Absent
STU-071,2025-02-22,Present
STU-071,2025-02-25,Present
STU-071,2025-02-27,Absent
STU-071,2025-03-01,Absent
STU-071,2025-03-04,Absent
STU-071,2025-03-06,Absent
STU-071,2025-03-08,Present
STU-071,2025-03-11,Present
STU-071,2025-03-13,Present
STU-071,2025-03-15,Absent
STU-071,2025-03-18,Present
STU-071,2025-03-20,Present
STU-071,2025-03-22,Present
STU-071,2025-03-25,Absent
STU-071,2025-03-27,Present
STU-071,2025-03-29,Present
STU-071,2025-04-01,Present
STU-071,2025-04-03,Present
STU-071,2025-04-05,Present
STU-072,2025-02-18,Absent
STU-072,2025-02-20,Present
STU-072,2025-02-22,Absent
STU-072,2025-02-25,Present
STU-072,2025-02-27,Absent
STU-072,2025-03-01,Present
STU-072,2025-03-04,Absent
STU-072,2025-03-06,Present
STU-072,2025-03-08,Present
STU-072,2025-03-11,Present
STU-072,2025-03-13,Present
STU-072,2025-03-15,Present
STU-072,2025-03-18,Absent
STU-072,2025-03-20,Present
STU-072,2025-03-22,Absent
STU-072,2025-03-25,Present
STU-072,2025-03-27,Present
STU-072,2025-03-29,Absent
STU-072,2025-04-01,Present
STU-072,2025-04-03,Present
STU-072,2025-04-05,Absent
STU-072,2025-04-08,Absent
STU-072,2025-04-10,Present
STU-072,2025-04-12,Absent
STU-072,2025-04-15,Present
STU-072,2025-04-17,Absent
STU-072,2025-04-19,Present
STU-072,2025-04-22,Absent
STU-072,2025-04-24,Present
STU-072,2025-04-26,Present
STU-072,2025-04-29,Present
STU-072,2025-05-01,Absent
STU-072,2025-05-03,Absent
STU-072,2025-05-06,Present
STU-072,2025-05-08,Present
STU-072,2025-05-10,Present
STU-073,2025-02-03,Absent
STU-073,2025-02-05,Absent
STU-073,2025-02-07,Absent
STU-073,2025-02-10,Present
STU-073,2025-02-12,Absent
STU-073,2025-02-14,Present
STU-073,2025-02-17,Present
STU-073,2025-02-19,Present
STU-073,2025-02-21,Present
STU-073,2025-02-24,Present
STU-073,2025-02-26,Absent
STU-073,2025-02-28,Absent
STU-073,2025-03-03,Absent
STU-073,2025-03-05,Absent
STU-073,2025-03-07,Absent
STU-073,2025-03-10,Absent
STU-073,2025-03-12,Absent
STU-073,2025-03-14,Present
STU-073,2025-03-17,Present
STU-073,2025-03-19,Absent
STU-073,2025-03-21,Present
STU-073,2025-03-24,Absent
STU-073,2025-03-26,Present
STU-073,2025-03-28,Present
STU-073,2025-03-31,Absent
STU-073,2025-04-02,Present
STU-073,2025-04-04,Absent
STU-073,2025-04-07,Present
STU-073,2025-04-09,Absent
STU-073,2025-04-11,Present
STU-073,2025-04-14,Absent
STU-073,2025-04-16,Present
STU-073,2025-04-18,Absent
STU-073,2025-04-21,Absent
STU-073,2025-04-23,Absent
STU-073,2025-04-25,Present
STU-074,2025-02-10,Present
STU-074,2025-02-12,Absent
STU-074,2025-02-14,Present
STU-074,2025-02-17,Present
STU-074,2025-02-19,Present
STU-074,2025-02-21,Present
STU-074,2025-02-24,Present
STU-074,2025-02-26,Present
STU-074,2025-02-28,Absent
STU-074,2025-03-03,Present
STU-074,2025-03-05,Absent
STU-074,2025-03-07,Present
STU-074,2025-03-10,Present
STU-074,2025-03-12,Present
STU-074,2025-03-14,Present
STU-074,2025-03-17,Present
STU-074,2025-03-19,Present
STU-074,2025-03-21,Present
STU-074,2025-03-24,Present
STU-074,2025-03-26,Present
STU-074,2025-03-28,Present
STU-074,2025-03-31,Present
STU-074,2025-04-02,Present
STU-074,2025-04-04,Present
STU-074,2025-04-07,Present
STU-074,2025-04-09,Present
STU-074,2025-04-11,Absent
STU-074,2025-04-14,Present
STU-074,2025-04-16,Present
STU-074,2025-04-18,Present
STU-074,2025-04-21,Present
STU-074,2025-04-23,Present
STU-074,2025-04-25,Present
STU-074,2025-04-28,Present
STU-074,2025-04-30,Present
STU-074,2025-05-02,Present
STU-075,2025-02-16,Absent
STU-075,2025-02-18,Present
STU-075,2025-02-20,Present
STU-075,2025-02-23,Absent
STU-075,2025-02-25,Absent
STU-075,2025-02-27,Present
STU-075,2025-03-02,Present
STU-075,2025-03-04,Absent
STU-075,2025-03-06,Present
STU-075,2025-03-09,Present
STU-075,2025-03-11,Present
STU-075,2025-03-13,Absent
STU-075,2025-03-16,Absent
STU-075,2025-03-18,Present
STU-075,2025-03-20,Absent
STU-075,2025-03-23,Present
STU-075,2025-03-25,Absent
STU-075,2025-03-27,Present
STU-075,2025-03-30,Present
STU-075,2025-04-01,Absent
STU-075,2025-04-03,Absent
STU-075,2025-04-06,Present
STU-075,2025-04-08,Present
STU-075,2025-04-10,Absent
STU-075,2025-04-13,Absent
STU-075,2025-04-15,Present
STU-075,2025-04-17,Absent
STU-075,2025-04-20,Present
STU-075,2025-04-22,Absent
STU-075,2025-04-24,Absent
STU-075,2025-04-27,Present
STU-075,2025-04-29,Present
STU-075,2025-05-01,Present
STU-075,2025-05-04,Present
STU-075,2025-05-06,Absent
STU-075,2025-05-08,Absent
STU-076,2025-02-17,Present
STU-076,2025-02-19,Absent
STU-076,2025-02-21,Present
STU-076,2025-02-24,Present
STU-076,2025-02-26,Present
STU-076,2025-02-28,Present
STU-076,2025-03-03,Present
STU-076,2025-03-05,Present
STU-076,2025-03-07,Absent
STU-076,2025-03-10,Present
STU-076,2025-03-12,Present
STU-076,2025-03-14,Absent
STU-076,2025-03-17,Absent
STU-076,2025-03-19,Absent
STU-076,2025-03-21,Present
STU-076,2025-03-24,Absent
STU-076,2025-03-26,Absent
STU-076,2025-03-28,Present
STU-076,2025-03-31,Present
STU-076,2025-04-02,Present
STU-076,2025-04-04,Present
STU-076,2025-04-07,Present
STU-076,2025-04-09,Present
STU-076,2025-04-11,Present
STU-076,2025-04-14,Absent
STU-076,2025-04-16,Present
STU-076,2025-04-18,Absent
STU-076,2025-04-21,Present
STU-076,2025-04-23,Present
STU-076,2025-04-25,Present
STU-076,2025-04-28,Present
STU-076,2025-04-30,Present
STU-076,2025-05-02,Present
STU-076,2025-05-05,Absent
STU-076,2025-05-07,Present
STU-076,2025-05-09,Absent
STU-077,2025-02-08,Present
STU-077,2025-02-10,Present
STU-077,2025-02-12,Present
STU-077,2025-02-15,Present
STU-077,2025-02-17,Present
STU-077,2025-02-19,Present
STU-077,2025-02-22,Present
STU-077,2025-02-24,Present
STU-077,2025-02-26,Present
STU-077,2025-03-01,Absent
STU-077,2025-03-03,Present
STU-077,2025-03-05,Absent
STU-077,2025-03-08,Absent
STU-077,2025-03-10,Present
STU-077,2025-03-12,Present
STU-077,2025-03-15,Present
STU-077,2025-03-17,Present
STU-077,2025-03-19,Present
STU-077,2025-03-22,Present
STU-077,2025-03-24,Present
STU-077,2025-03-26,Present
STU-077,2025-03-29,Present
STU-077,2025-03-31,Absent
STU-077,2025-04-02,Present
STU-077,2025-04-05,Present
STU-077,2025-04-07,Present
STU-077,2025-04-09,Present
STU-077,2025-04-12,Absent
STU-077,2025-04-14,Present
STU-077,2025-04-16,Absent
STU-077,2025-04-19,Present
STU-077,2025-04-21,Absent
STU-077,2025-04-23,Present
STU-077,2025-04-26,Present
STU-077,2025-04-28,Present
STU-077,2025-04-30,Absent
STU-078,2025-01-30,Present
STU-078,2025-02-01,Present
STU-078,2025-02-03,Absent
STU-078,2025-02-06,Present
STU-078,2025-02-08,Absent
STU-078,2025-02-10,Absent
STU-078,2025-02-13,Present
STU-078,2025-02-15,Present
STU-078,2025-02-17,Present
STU-078,2025-02-20,Present
STU-078,2025-02-22,Present
STU-078,2025-02-24,Present
STU-078,2025-02-27,Present
STU-078,2025-03-01,Present
STU-078,2025-03-03,Absent
STU-078,2025-03-06,Present
STU-078,2025-03-08,Present
STU-078,2025-03-10,Present
STU-078,2025-03-13,Present
STU-078,2025-03-15,Present
STU-078,2025-03-17,Present
STU-078,2025-03-20,Absent
STU-078,2025-03-22,Present
STU-078,2025-03-24,Present
STU-078,2025-03-27,Present
STU-078,2025-03-29,Present
STU-078,2025-03-31,Present
STU-078,2025-04-03,Present
STU-078,2025-04-05,Present
STU-078,2025-04-07,Present
STU-078,2025-04-10,Present
STU-078,2025-04-12,Present
STU-078,2025-04-14,Present
STU-078,2025-04-17,Present
STU-078,2025-04-19,Present
STU-078,2025-04-21,Present
STU-079,2025-02-25,Present
STU-079,2025-02-27,Present
STU-079,2025-03-01,Present
STU-079,2025-03-04,Absent
STU-079,2025-03-06,Present
STU-079,2025-03-08,Absent
STU-079,2025-03-11,Present
STU-079,2025-03-13,Present
STU-079,2025-03-15,Present
STU-079,2025-03-18,Absent
STU-079,2025-03-20,Present
STU-079,2025-03-22,Present
STU-079,2025-03-25,Present
STU-079,2025-03-27,Present
STU-079,2025-03-29,Present
STU-079,2025-04-01,Present
STU-079,2025-04-03,Present
STU-079,2025-04-05,Present
STU-079,2025-04-08,Present
STU-079,2025-04-10,Present
STU-079,2025-04-12,Present
STU-079,2025-04-15,Present
STU-079,2025-04-17,Present
STU-079,2025-04-19,Absent
STU-079,2025-04-22,Present
STU-079,2025-04-24,Absent
STU-079,2025-04-26,Absent
STU-079,2025-04-29,Absent
STU-079,2025-05-01,Present
STU-079,2025-05-03,Absent
STU-079,2025-05-06,Present
STU-079,2025-05-08,Absent
STU-079,2025-05-10,Present
STU-079,2025-05-13,Absent
STU-079,2025-05-15,Absent
STU-079,2025-05-17,Absent
STU-080,2025-01-18,Absent
STU-080,2025-01-20,Absent
STU-080,2025-01-22,Present
STU-080,2025-01-25,Present
STU-080,2025-01-27,Present
STU-080,2025-01-29,Absent
STU-080,2025-02-01,Absent
STU-080,2025-02-03,Present
STU-080,2025-02-05,Absent
STU-080,2025-02-08,Present
STU-080,2025-02-10,Present
STU-080,2025-02-12,Absent
STU-080,2025-02-15,Present
STU-080,2025-02-17,Present
STU-080,2025-02-19,Absent
STU-080,2025-02-22,Present
STU-080,2025-02-24,Absent
STU-080,2025-02-26,Present
STU-080,2025-03-01,Present
STU-080,2025-03-03,Present
STU-080,2025-03-05,Present
STU-080,2025-03-08,Absent
STU-080,2025-03-10,Absent
STU-080,2025-03-12,Present
STU-080,2025-03-15,Present
STU-080,2025-03-17,Present
STU-080,2025-03-19,Absent
STU-080,2025-03-22,Absent
STU-080,2025-03-24,Absent
STU-080,2025-03-26,Present
STU-080,2025-03-29,Absent
STU-080,2025-03-31,Absent
STU-080,2025-04-02,Present
STU-080,2025-04-05,Present
STU-080,2025-04-07,Present
STU-080,2025-04-09,Present
STU-081,2025-01-19,Absent
STU-081,2025-01-21,Present
STU-081,2025-01-23,Absent
STU-081,2025-01-26,Present
STU-081,2025-01-28,Present
STU-081,2025-01-30,Present
STU-081,2025-02-02,Absent
STU-081,2025-02-04,Present
STU-081,2025-02-06,Present
STU-081,2025-02-09,Absent
STU-081,2025-02-11,Present
STU-081,2025-02-13,Absent
STU-081,2025-02-16,Absent
STU-081,2025-02-18,Absent
STU-081,2025-02-20,Absent
STU-081,2025-02-23,Absent
STU-081,2025-02-25,Present
STU-081,2025-02-27,Absent
STU-081,2025-03-02,Present
STU-081,2025-03-04,Absent
STU-081,2025-03-06,Present
STU-081,2025-03-09,Present
STU-081,2025-03-11,Absent
STU-081,2025-03-13,Present
STU-081,2025-03-16,Present
STU-081,2025-03-18,Absent
STU-081,2025-03-20,Present
STU-081,2025-03-23,Present
STU-081,2025-03-25,Present
STU-081,2025-03-27,Present
STU-081,2025-03-30,Absent
STU-081,2025-04-01,Present
STU-081,2025-04-03,Absent
STU-081,2025-04-06,Present
STU-081,2025-04-08,Absent
STU-081,2025-04-10,Absent
STU-082,2025-03-17,Present
STU-082,2025-03-19,Present
STU-082,2025-03-21,Absent
STU-082,2025-03-24,Present
STU-082,2025-03-26,Present
STU-082,2025-03-28,Present
STU-082,2025-03-31,Present
STU-082,2025-04-02,Present
STU-082,2025-04-04,Present
STU-082,2025-04-07,Absent
STU-082,2025-04-09,Present
STU-082,2025-04-11,Present
STU-082,2025-04-14,Absent
STU-082,2025-04-16,Present
STU-082,2025-04-18,Present
STU-082,2025-04-21,Present
STU-082,2025-04-23,Present
STU-082,2025-04-25,Present
STU-082,2025-04-28,Present
STU-082,2025-04-30,Present
STU-082,2025-05-02,Present
STU-082,2025-05-05,Present
STU-082,2025-05-07,Present
STU-082,2025-05-09,Present
STU-082,2025-05-12,Present
STU-082,2025-05-14,Absent
STU-082,2025-05-16,Absent
STU-082,2025-05-19,Present
STU-082,2025-05-21,Present
STU-082,2025-05-23,Present
STU-082,2025-05-26,Present
STU-082,2025-05-28,Present
STU-082,2025-05-30,Present
STU-082,2025-06-02,Present
STU-082,2025-06-04,Present
STU-082,2025-06-06,Present
STU-083,2025-02-18,Present
STU-083,2025-02-20,Present
STU-083,2025-02-22,Absent
STU-083,2025-02-25,Present
STU-083,2025-02-27,Present
STU-083,2025-03-01,Present
STU-083,2025-03-04,Present
STU-083,2025-03-06,Present
STU-083,2025-03-08,Present
STU-083,2025-03-11,Present
STU-083,2025-03-13,Present
STU-083,2025-03-15,Present
STU-083,2025-03-18,Present
STU-083,2025-03-20,Present
STU-083,2025-03-22,Present
STU-083,2025-03-25,Present
STU-083,2025-03-27,Present
STU-083,2025-03-29,Absent
STU-083,2025-04-01,Present
STU-083,2025-04-03,Present
STU-083,2025-04-05,Absent
STU-083,2025-04-08,Present
STU-083,2025-04-10,Present
STU-083,2025-04-12,Present
STU-083,2025-04-15,Present
STU-083,2025-04-17,Present
STU-083,2025-04-19,Present
STU-083,2025-04-22,Absent
STU-083,2025-04-24,Absent
STU-083,2025-04-26,Present
STU-083,2025-04-29,Present
STU-083,2025-05-01,Present
STU-083,2025-05-03,Absent
STU-083,2025-05-06,Present
STU-083,2025-05-08,Present
STU-083,2025-05-10,Present
STU-084,2025-01-23,Present
STU-084,2025-01-25,Present
STU-084,2025-01-27,Present
STU-084,2025-01-30,Present
STU-084,2025-02-01,Absent
STU-084,2025-02-03,Present
STU-084,2025-02-06,Present
STU-084,2025-02-08,Absent
STU-084,2025-02-10,Present
STU-084,2025-02-13,Absent
STU-084,2025-02-15,Present
STU-084,2025-02-17,Present
STU-084,2025-02-20,Absent
STU-084,2025-02-22,Present
STU-084,2025-02-24,Present
STU-084,2025-02-27,Present
STU-084,2025-03-01,Present
STU-084,2025-03-03,Present
STU-084,2025-03-06,Present
STU-084,2025-03-08,Present
STU-084,2025-03-10,Absent
STU-084,2025-03-13,Absent
STU-084,2025-03-15,Present
STU-084,2025-03-17,Present
STU-084,2025-03-20,Present
STU-084,2025-03-22,Present
STU-084,2025-03-24,Present
STU-084,2025-03-27,Absent
STU-084,2025-03-29,Present
STU-084,2025-03-31,Absent
STU-084,2025-04-03,Present
STU-084,2025-04-05,Present
STU-084,2025-04-07,Present
STU-084,2025-04-10,Present
STU-084,2025-04-12,Present
STU-084,2025-04-14,Present
STU-085,2025-02-11,Present
STU-085,2025-02-13,Present
STU-085,2025-02-15,Absent
STU-085,2025-02-18,Present
STU-085,2025-02-20,Present
STU-085,2025-02-22,Present
STU-085,2025-02-25,Present
STU-085,2025-02-27,Absent
STU-085,2025-03-01,Present
STU-085,2025-03-04,Present
STU-085,2025-03-06,Present
STU-085,2025-03-08,Absent
STU-085,2025-03-11,Absent
STU-085,2025-03-13,Present
STU-085,2025-03-15,Present
STU-085,2025-03-18,Present
STU-085,2025-03-20,Present
STU-085,2025-03-22,Present
STU-085,2025-03-25,Present
STU-085,2025-03-27,Absent
STU-085,2025-03-29,Present
STU-085,2025-04-01,Present
STU-085,2025-04-03,Absent
STU-085,2025-04-05,Present
STU-085,2025-04-08,Present
STU-085,2025-04-10,Absent
STU-085,2025-04-12,Present
STU-085,2025-04-15,Present
STU-085,2025-04-17,Present
STU-085,2025-04-19,Present
STU-085,2025-04-22,Present
STU-085,2025-04-24,Present
STU-085,2025-04-26,Present
STU-085,2025-04-29,Present
STU-085,2025-05-01,Present
STU-085,2025-05-03,Present
STU-086,2025-01-27,Absent
STU-086,2025-01-29,Present
STU-086,2025-01-31,Present
STU-086,2025-02-03,Absent
STU-086,2025-02-05,Absent
STU-086,2025-02-07,Present
STU-086,2025-02-10,Present
STU-086,2025-02-12,Present
STU-086,2025-02-14,Present
STU-086,2025-02-17,Absent
STU-086,2025-02-19,Present
STU-086,2025-02-21,Present
STU-086,2025-02-24,Present
STU-086,2025-02-26,Present
STU-086,2025-02-28,Present
STU-086,2025-03-03,Present
STU-086,2025-03-05,Present
STU-086,2025-03-07,Present
STU-086,2025-03-10,Present
STU-086,2025-03-12,Present
STU-086,2025-03-14,Absent
STU-086,2025-03-17,Present
STU-086,2025-03-19,Present
STU-086,2025-03-21,Present
STU-086,2025-03-24,Absent
STU-086,2025-03-26,Present
STU-086,2025-03-28,Present
STU-086,2025-03-31,Present
STU-086,2025-04-02,Present
STU-086,2025-04-04,Absent
STU-086,2025-04-07,Absent
STU-086,2025-04-09,Present
STU-086,2025-04-11,Absent
STU-086,2025-04-14,Present
STU-086,2025-04-16,Absent
STU-086,2025-04-18,Absent
STU-087,2025-02-20,Absent
STU-087,2025-02-22,Present
STU-087,2025-02-24,Absent
STU-087,2025-02-27,Present
STU-087,2025-03-01,Present
STU-087,2025-03-03,Present
STU-087,2025-03-06,Present
STU-087,2025-03-08,Present
STU-087,2025-03-10,Present
STU-087,2025-03-13,Present
STU-087,2025-03-15,Absent
STU-087,2025-03-17,Present
STU-087,2025-03-20,Present
STU-087,2025-03-22,Present
STU-087,2025-03-24,Present
STU-087,2025-03-27,Present
STU-087,2025-03-29,Present
STU-087,2025-03-31,Present
STU-087,2025-04-03,Absent
STU-087,2025-04-05,Present
STU-087,2025-04-07,Present
STU-087,2025-04-10,Present
STU-087,2025-04-12,Present
STU-087,2025-04-14,Present
STU-087,2025-04-17,Absent
STU-087,2025-04-19,Absent
STU-087,2025-04-21,Absent
STU-087,2025-04-24,Absent
STU-087,2025-04-26,Present
STU-087,2025-04-28,Present
STU-087,2025-05-01,Present
STU-087,2025-05-03,Present
STU-087,2025-05-05,Present
STU-087,2025-05-08,Absent
STU-087,2025-05-10,Absent
STU-087,2025-05-12,Present
STU-088,2025-02-22,Present
STU-088,2025-02-24,Present
STU-088,2025-02-26,Present
STU-088,2025-03-01,Present
STU-088,2025-03-03,Present
STU-088,2025-03-05,Present
STU-088,2025-03-08,Present
STU-088,2025-03-10,Absent
STU-088,2025-03-12,Present
STU-088,2025-03-15,Absent
STU-088,2025-03-17,Present
STU-088,2025-03-19,Present
STU-088,2025-03-22,Present
STU-088,2025-03-24,Present
STU-088,2025-03-26,Present
STU-088,2025-03-29,Present
STU-088,2025-03-31,Present
STU-088,2025-04-02,Present
STU-088,2025-04-05,Present
STU-088,2025-04-07,Present
STU-088,2025-04-09,Present
STU-088,2025-04-12,Present
STU-088,2025-04-14,Present
STU-088,2025-04-16,Present
STU-088,2025-04-19,Absent
STU-088,2025-04-21,Present
STU-088,2025-04-23,Present
STU-088,2025-04-26,Present
STU-088,2025-04-28,Present
STU-088,2025-04-30,Present
STU-088,2025-05-03,Present
STU-088,2025-05-05,Present
STU-088,2025-05-07,Present
STU-088,2025-05-10,Present
STU-088,2025-05-12,Present
STU-088,2025-05-14,Present
STU-089,2025-02-10,Present
STU-089,2025-02-12,Absent
STU-089,2025-02-14,Absent
STU-089,2025-02-17,Absent
STU-089,2025-02-19,Present
STU-089,2025-02-21,Absent
STU-089,2025-02-24,Present
STU-089,2025-02-26,Absent
STU-089,2025-02-28,Present
STU-089,2025-03-03,Present
STU-089,2025-03-05,Present
STU-089,2025-03-07,Present
STU-089,2025-03-10,Present
STU-089,2025-03-12,Absent
STU-089,2025-03-14,Absent
STU-089,2025-03-17,Present
STU-089,2025-03-19,Absent
STU-089,2025-03-21,Present
STU-089,2025-03-24,Present
STU-089,2025-03-26,Present
STU-089,2025-03-28,Absent
STU-089,2025-03-31,Present
STU-089,2025-04-02,Present
STU-089,2025-04-04,Present
STU-089,2025-04-07,Present
STU-089,2025-04-09,Present
STU-089,2025-04-11,Present
STU-089,2025-04-14,Absent
STU-089,2025-04-16,Present
STU-089,2025-04-18,Present
STU-089,2025-04-21,Absent
STU-089,2025-04-23,Present
STU-089,2025-04-25,Absent
STU-089,2025-04-28,Absent
STU-089,2025-04-30,Present
STU-089,2025-05-02,Present
STU-090,2025-03-18,Absent
STU-090,2025-03-20,Absent
STU-090,2025-03-22,Present
STU-090,2025-03-25,Present
STU-090,2025-03-27,Present
STU-090,2025-03-29,Present
STU-090,2025-04-01,Present
STU-090,2025-04-03,Present
STU-090,2025-04-05,Present
STU-090,2025-04-08,Present
STU-090,2025-04-10,Present
STU-090,2025-04-12,Present
STU-090,2025-04-15,Absent
STU-090,2025-04-17,Absent
STU-090,2025-04-19,Present
STU-090,2025-04-22,Present
STU-090,2025-04-24,Present
STU-090,2025-04-26,Present
STU-090,2025-04-29,Absent
STU-090,2025-05-01,Present
STU-090,2025-05-03,Present
STU-090,2025-05-06,Present
STU-090,2025-05-08,Absent
STU-090,2025-05-10,Absent
STU-090,2025-05-13,Present
STU-090,2025-05-15,Absent
STU-090,2025-05-17,Present
STU-090,2025-05-20,Present
STU-090,2025-05-22,Present
STU-090,2025-05-24,Absent
STU-090,2025-05-27,Present
STU-090,2025-05-29,Present
STU-090,2025-05-31,Present
STU-090,2025-06-03,Present
STU-090,2025-06-05,Present
STU-090,2025-06-07,Present
STU-091,2025-02-14,Present
STU-091,2025-02-16,Present
STU-091,2025-02-18,Present
STU-091,2025-02-21,Present
STU-091,2025-02-23,Present
STU-091,2025-02-25,Present
STU-091,2025-02-28,Absent
STU-091,2025-03-02,Present
STU-091,2025-03-04,Present
STU-091,2025-03-07,Present
STU-091,2025-03-09,Absent
STU-091,2025-03-11,Present
STU-091,2025-03-14,Present
STU-091,2025-03-16,Present
STU-091,2025-03-18,Present
STU-091,2025-03-21,Present
STU-091,2025-03-23,Present
STU-091,2025-03-25,Present
STU-091,2025-03-28,Absent
STU-091,2025-03-30,Present
STU-091,2025-04-01,Present
STU-091,2025-04-04,Present
STU-091,2025-04-06,Present
STU-091,2025-04-08,Present
STU-091,2025-04-11,Present
STU-091,2025-04-13,Present
STU-091,2025-04-15,Present
STU-091,2025-04-18,Present
STU-091,2025-04-20,Present
STU-091,2025-04-22,Present
STU-091,2025-04-25,Present
STU-091,2025-04-27,Present
STU-091,2025-04-29,Present
STU-091,2025-05-02,Present
STU-091,2025-05-04,Present
STU-091,2025-05-06,Present
STU-092,2025-01-29,Present
STU-092,2025-01-31,Present
STU-092,2025-02-02,Present
STU-092,2025-02-05,Present
STU-092,2025-02-07,Present
STU-092,2025-02-09,Present
STU-092,2025-02-12,Present
STU-092,2025-02-14,Present
STU-092,2025-02-16,Present
STU-092,2025-02-19,Present
STU-092,2025-02-21,Present
STU-092,2025-02-23,Present
STU-092,2025-02-26,Present
STU-092,2025-02-28,Present
STU-092,2025-03-02,Present
STU-092,2025-03-05,Present
STU-092,2025-03-07,Present
STU-092,2025-03-09,Present
STU-092,2025-03-12,Present
STU-092,2025-03-14,Present
STU-092,2025-03-16,Present
STU-092,2025-03-19,Present
STU-092,2025-03-21,Absent
STU-092,2025-03-23,Present
STU-092,2025-03-26,Present
STU-092,2025-03-28,Present
STU-092,2025-03-30,Absent
STU-092,2025-04-02,Present
STU-092,2025-04-04,Present
STU-092,2025-04-06,Present
STU-092,2025-04-09,Present
STU-092,2025-04-11,Present
STU-092,2025-04-13,Present
STU-092,2025-04-16,Present
STU-092,2025-04-18,Present
STU-092,2025-04-20,Present
STU-093,2025-01-25,Present
STU-093,2025-01-27,Present
STU-093,2025-01-29,Absent
STU-093,2025-02-01,Present
STU-093,2025-02-03,Present
STU-093,2025-02-05,Present
STU-093,2025-02-08,Present
STU-093,2025-02-10,Present
STU-093,2025-02-12,Present
STU-093,2025-02-15,Present
STU-093,2025-02-17,Present
STU-093,2025-02-19,Present
STU-093,2025-02-22,Present
STU-093,2025-02-24,Present
STU-093,2025-02-26,Present
STU-093,2025-03-01,Present
STU-093,2025-03-03,Present
STU-093,2025-03-05,Present
STU-093,2025-03-08,Present
STU-093,2025-03-10,Present
STU-093,2025-03-12,Present
STU-093,2025-03-15,Absent
STU-093,2025-03-17,Present
STU-093,2025-03-19,Present
STU-093,2025-03-22,Present
STU-093,2025-03-24,Present
STU-093,2025-03-26,Present
STU-093,2025-03-29,Present
STU-093,2025-03-31,Present
STU-093,2025-04-02,Present
STU-093,2025-04-05,Present
STU-093,2025-04-07,Present
STU-093,2025-04-09,Present
STU-093,2025-04-12,Absent
STU-093,2025-04-14,Present
STU-093,2025-04-16,Absent
STU-094,2025-02-13,Present
STU-094,2025-02-15,Absent
STU-094,2025-02-17,Absent
STU-094,2025-02-20,Present
STU-094,2025-02-22,Absent
STU-094,2025-02-24,Absent
STU-094,2025-02-27,Present
STU-094,2025-03-01,Present
STU-094,2025-03-03,Present
STU-094,2025-03-06,Present
STU-094,2025-03-08,Absent
STU-094,2025-03-10,Present
STU-094,2025-03-13,Absent
STU-094,2025-03-15,Present
STU-094,2025-03-17,Absent
STU-094,2025-03-20,Present
STU-094,2025-03-22,Present
STU-094,2025-03-24,Present
STU-094,2025-03-27,Present
STU-094,2025-03-29,Absent
STU-094,2025-03-31,Present
STU-094,2025-04-03,Present
STU-094,2025-04-05,Present
STU-094,2025-04-07,Absent
STU-094,2025-04-10,Absent
STU-094,2025-04-12,Present
STU-094,2025-04-14,Present
STU-094,2025-04-17,Absent
STU-094,2025-04-19,Present
STU-094,2025-04-21,Absent
STU-094,2025-04-24,Present
STU-094,2025-04-26,Absent
STU-094,2025-04-28,Present
STU-094,2025-05-01,Absent
STU-094,2025-05-03,Absent
STU-094,2025-05-05,Present
STU-095,2025-02-18,Present
STU-095,2025-02-20,Present
STU-095,2025-02-22,Present
STU-095,2025-02-25,Absent
STU-095,2025-02-27,Present
STU-095,2025-03-01,Present
STU-095,2025-03-04,Present
STU-095,2025-03-06,Absent
STU-095,2025-03-08,Present
STU-095,2025-03-11,Present
STU-095,2025-03-13,Present
STU-095,2025-03-15,Present
STU-095,2025-03-18,Present
STU-095,2025-03-20,Present
STU-095,2025-03-22,Present
STU-095,2025-03-25,Present
STU-095,2025-03-27,Present
STU-095,2025-03-29,Absent
STU-095,2025-04-01,Present
STU-095,2025-04-03,Present
STU-095,2025-04-05,Absent
STU-095,2025-04-08,Present
STU-095,2025-04-10,Present
STU-095,2025-04-12,Present
STU-095,2025-04-15,Absent
STU-095,2025-04-17,Present
STU-095,2025-04-19,Absent
STU-095,2025-04-22,Absent
STU-095,2025-04-24,Present
STU-095,2025-04-26,Present
STU-095,2025-04-29,Present
STU-095,2025-05-01,Present
STU-095,2025-05-03,Absent
STU-095,2025-05-06,Present
STU-095,2025-05-08,Present
STU-095,2025-05-10,Present
STU-096,2025-02-10,Present
STU-096,2025-02-12,Present
STU-096,2025-02-14,Present
STU-096,2025-02-17,Present
STU-096,2025-02-19,Absent
STU-096,2025-02-21,Present
STU-096,2025-02-24,Present
STU-096,2025-02-26,Present
STU-096,2025-02-28,Present
STU-096,2025-03-03,Present
STU-096,2025-03-05,Present
STU-096,2025-03-07,Present
STU-096,2025-03-10,Present
STU-096,2025-03-12,Present
STU-096,2025-03-14,Present
STU-096,2025-03-17,Present
STU-096,2025-03-19,Absent
STU-096,2025-03-21,Present
STU-096,2025-03-24,Present
STU-096,2025-03-26,Present
STU-096,2025-03-28,Absent
STU-096,2025-03-31,Present
STU-096,2025-04-02,Present
STU-096,2025-04-04,Present
STU-096,2025-04-07,Present
STU-096,2025-04-09,Present
STU-096,2025-04-11,Present
STU-096,2025-04-14,Present
STU-096,2025-04-16,Present
STU-096,2025-04-18,Present
STU-096,2025-04-21,Present
STU-096,2025-04-23,Present
STU-096,2025-04-25,Present
STU-096,2025-04-28,Present
STU-096,2025-04-30,Present
STU-096,2025-05-02,Present
STU-097,2025-01-25,Present
STU-097,2025-01-27,Absent
STU-097,2025-01-29,Absent
STU-097,2025-02-01,Present
STU-097,2025-02-03,Present
STU-097,2025-02-05,Present
STU-097,2025-02-08,Absent
STU-097,2025-02-10,Absent
STU-097,2025-02-12,Present
STU-097,2025-02-15,Present
STU-097,2025-02-17,Present
STU-097,2025-02-19,Present
STU-097,2025-02-22,Present
STU-097,2025-02-24,Present
STU-097,2025-02-26,Present
STU-097,2025-03-01,Present
STU-097,2025-03-03,Present
STU-097,2025-03-05,Present
STU-097,2025-03-08,Present
STU-097,2025-03-10,Absent
STU-097,2025-03-12,Present
STU-097,2025-03-15,Present
STU-097,2025-03-17,Present
STU-097,2025-03-19,Present
STU-097,2025-03-22,Present
STU-097,2025-03-24,Absent
STU-097,2025-03-26,Absent
STU-097,2025-03-29,Absent
STU-097,2025-03-31,Absent
STU-097,2025-04-02,Present
STU-097,2025-04-05,Absent
STU-097,2025-04-07,Absent
STU-097,2025-04-09,Present
STU-097,2025-04-12,Absent
STU-097,2025-04-14,Present
STU-097,2025-04-16,Present
STU-098,2025-03-05,Present
STU-098,2025-03-07,Present
STU-098,2025-03-09,Present
STU-098,2025-03-12,Present
STU-098,2025-03-14,Present
STU-098,2025-03-16,Present
STU-098,2025-03-19,Present
STU-098,2025-03-21,Present
STU-098,2025-03-23,Present
STU-098,2025-03-26,Present
STU-098,2025-03-28,Present
STU-098,2025-03-30,Present
STU-098,2025-04-02,Present
STU-098,2025-04-04,Present
STU-098,2025-04-06,Present
STU-098,2025-04-09,Present
STU-098,2025-04-11,Present
STU-098,2025-04-13,Present
STU-098,2025-04-16,Absent
STU-098,2025-04-18,Present
STU-098,2025-04-20,Present
STU-098,2025-04-23,Present
STU-098,2025-04-25,Absent
STU-098,2025-04-27,Absent
STU-098,2025-04-30,Present
STU-098,2025-05-02,Present
STU-098,2025-05-04,Present
STU-098,2025-05-07,Present
STU-098,2025-05-09,Present
STU-098,2025-05-11,Absent
STU-098,2025-05-14,Present
STU-098,2025-05-16,Absent
STU-098,2025-05-18,Present
STU-098,2025-05-21,Present
STU-098,2025-05-23,Present
STU-098,2025-05-25,Present
STU-099,2025-03-07,Present
STU-099,2025-03-09,Present
STU-099,2025-03-11,Present
STU-099,2025-03-14,Absent
STU-099,2025-03-16,Present
STU-099,2025-03-18,Absent
STU-099,2025-03-21,Present
STU-099,2025-03-23,Present
STU-099,2025-03-25,Present
STU-099,2025-03-28,Present
STU-099,2025-03-30,Present
STU-099,2025-04-01,Present
STU-099,2025-04-04,Absent
STU-099,2025-04-06,Present
STU-099,2025-04-08,Present
STU-099,2025-04-11,Present
STU-099,2025-04-13,Present
STU-099,2025-04-15,Absent
STU-099,2025-04-18,Absent
STU-099,2025-04-20,Present
STU-099,2025-04-22,Present
STU-099,2025-04-25,Present
STU-099,2025-04-27,Present
STU-099,2025-04-29,Present
STU-099,2025-05-02,Present
STU-099,2025-05-04,Present
STU-099,2025-05-06,Absent
STU-099,2025-05-09,Present
STU-099,2025-05-11,Present
STU-099,2025-05-13,Absent
STU-099,2025-05-16,Present
STU-099,2025-05-18,Present
STU-099,2025-05-20,Present
STU-099,2025-05-23,Present
STU-099,2025-05-25,Present
STU-099,2025-05-27,Present
STU-100,2025-02-03,Absent
STU-100,2025-02-05,Absent
STU-100,2025-02-07,Present
STU-100,2025-02-10,Present
STU-100,2025-02-12,Present
STU-100,2025-02-14,Present
STU-100,2025-02-17,Present
STU-100,2025-02-19,Present
STU-100,2025-02-21,Present
STU-100,2025-02-24,Absent
STU-100,2025-02-26,Present
STU-100,2025-02-28,Present
STU-100,2025-03-03,Present
STU-100,2025-03-05,Present
STU-100,2025-03-07,Present
STU-100,2025-03-10,Present
STU-100,2025-03-12,Present
STU-100,2025-03-14,Present
STU-100,2025-03-17,Absent
STU-100,2025-03-19,Present
STU-100,2025-03-21,Present
STU-100,2025-03-24,Present
STU-100,2025-03-26,Present
STU-100,2025-03-28,Present
STU-100,2025-03-31,Present
STU-100,2025-04-02,Present
STU-100,2025-04-04,Present
STU-100,2025-04-07,Present
STU-100,2025-04-09,Absent
STU-100,2025-04-11,Absent
STU-100,2025-04-14,Present
STU-100,2025-04-16,Present
STU-100,2025-04-18,Present
STU-100,2025-04-21,Present
STU-100,2025-04-23,Present
STU-100,2025-04-25,Present
STU-101,2025-02-04,Absent
STU-101,2025-02-06,Present
STU-101,2025-02-08,Present
STU-101,2025-02-11,Present
STU-101,2025-02-13,Absent
STU-101,2025-02-15,Absent
STU-101,2025-02-18,Present
STU-101,2025-02-20,Absent
STU-101,2025-02-22,Absent
STU-101,2025-02-25,Present
STU-101,2025-02-27,Present
STU-101,2025-03-01,Present
STU-101,2025-03-04,Present
STU-101,2025-03-06,Absent
STU-101,2025-03-08,Absent
STU-101,2025-03-11,Present
STU-101,2025-03-13,Absent
STU-101,2025-03-15,Present
STU-101,2025-03-18,Present
STU-101,2025-03-20,Present
STU-101,2025-03-22,Absent
STU-101,2025-03-25,Present
STU-101,2025-03-27,Absent
STU-101,2025-03-29,Present
STU-101,2025-04-01,Present
STU-101,2025-04-03,Present
STU-101,2025-04-05,Absent
STU-101,2025-04-08,Absent
STU-101,2025-04-10,Absent
STU-101,2025-04-12,Present
STU-101,2025-04-15,Absent
STU-101,2025-04-17,Present
STU-101,2025-04-19,Present
STU-101,2025-04-22,Absent
STU-101,2025-04-24,Present
STU-101,2025-04-26,Absent
STU-102,2025-02-16,Present
STU-102,2025-02-18,Absent
STU-102,2025-02-20,Present
STU-102,2025-02-23,Absent
STU-102,2025-02-25,Present
STU-102,2025-02-27,Present
STU-102,2025-03-02,Absent
STU-102,2025-03-04,Present
STU-102,2025-03-06,Present
STU-102,2025-03-09,Absent
STU-102,2025-03-11,Absent
STU-102,2025-03-13,Present
STU-102,2025-03-16,Present
STU-102,2025-03-18,Present
STU-102,2025-03-20,Present
STU-102,2025-03-23,Absent
STU-102,2025-03-25,Absent
STU-102,2025-03-27,Present
STU-102,2025-03-30,Absent
STU-102,2025-04-01,Present
STU-102,2025-04-03,Present
STU-102,2025-04-06,Present
STU-102,2025-04-08,Present
STU-102,2025-04-10,Present
STU-102,2025-04-13,Present
STU-102,2025-04-15,Absent
STU-102,2025-04-17,Present
STU-102,2025-04-20,Present
STU-102,2025-04-22,Present
STU-102,2025-04-24,Present
STU-102,2025-04-27,Present
STU-102,2025-04-29,Absent
STU-102,2025-05-01,Absent
STU-102,2025-05-04,Present
STU-102,2025-05-06,Present
STU-102,2025-05-08,Present
STU-103,2025-03-04,Present
STU-103,2025-03-06,Absent
STU-103,2025-03-08,Present
STU-103,2025-03-11,Present
STU-103,2025-03-13,Present
STU-103,2025-03-15,Absent
STU-103,2025-03-18,Present
STU-103,2025-03-20,Present
STU-103,2025-03-22,Absent
STU-103,2025-03-25,Present
STU-103,2025-03-27,Absent
STU-103,2025-03-29,Present
STU-103,2025-04-01,Present
STU-103,2025-04-03,Present
STU-103,2025-04-05,Absent
STU-103,2025-04-08,Absent
STU-103,2025-04-10,Present
STU-103,2025-04-12,Absent
STU-103,2025-04-15,Present
STU-103,2025-04-17,Present
STU-103,2025-04-19,Absent
STU-103,2025-04-22,Absent
STU-103,2025-04-24,Present
STU-103,2025-04-26,Present
STU-103,2025-04-29,Absent
STU-103,2025-05-01,Present
STU-103,2025-05-03,Present
STU-103,2025-05-06,Present
STU-103,2025-05-08,Absent
STU-103,2025-05-10,Present
STU-103,2025-05-13,Absent
STU-103,2025-05-15,Present
STU-103,2025-05-17,Present
STU-103,2025-05-20,Present
STU-103,2025-05-22,Present
STU-103,2025-05-24,Absent
STU-104,2025-02-03,Present
STU-104,2025-02-05,Present
STU-104,2025-02-07,Present
STU-104,2025-02-10,Present
STU-104,2025-02-12,Present
STU-104,2025-02-14,Present
STU-104,2025-02-17,Absent
STU-104,2025-02-19,Present
STU-104,2025-02-21,Present
STU-104,2025-02-24,Absent
STU-104,2025-02-26,Absent
STU-104,2025-02-28,Absent
STU-104,2025-03-03,Absent
STU-104,2025-03-05,Present
STU-104,2025-03-07,Absent
STU-104,2025-03-10,Absent
STU-104,2025-03-12,Present
STU-104,2025-03-14,Absent
STU-104,2025-03-17,Present
STU-104,2025-03-19,Present
STU-104,2025-03-21,Absent
STU-104,2025-03-24,Present
STU-104,2025-03-26,Present
STU-104,2025-03-28,Present
STU-104,2025-03-31,Absent
STU-104,2025-04-02,Present
STU-104,2025-04-04,Absent
STU-104,2025-04-07,Present
STU-104,2025-04-09,Absent
STU-104,2025-04-11,Absent
STU-104,2025-04-14,Present
STU-104,2025-04-16,Absent
STU-104,2025-04-18,Present
STU-104,2025-04-21,Present
STU-104,2025-04-23,Absent
STU-104,2025-04-25,Present
STU-105,2025-02-13,Present
STU-105,2025-02-15,Present
STU-105,2025-02-17,Present
STU-105,2025-02-20,Present
STU-105,2025-02-22,Present
STU-105,2025-02-24,Present
STU-105,2025-02-27,Absent
STU-105,2025-03-01,Present
STU-105,2025-03-03,Present
STU-105,2025-03-06,Present
STU-105,2025-03-08,Present
STU-105,2025-03-10,Present
STU-105,2025-03-13,Present
STU-105,2025-03-15,Present
STU-105,2025-03-17,Present
STU-105,2025-03-20,Present
STU-105,2025-03-22,Present
STU-105,2025-03-24,Present
STU-105,2025-03-27,Present
STU-105,2025-03-29,Present
STU-105,2025-03-31,Present
STU-105,2025-04-03,Absent
STU-105,2025-04-05,Present
STU-105,2025-04-07,Present
STU-105,2025-04-10,Present
STU-105,2025-04-12,Present
STU-105,2025-04-14,Present
STU-105,2025-04-17,Present
STU-105,2025-04-19,Present
STU-105,2025-04-21,Absent
STU-105,2025-04-24,Present
STU-105,2025-04-26,Present
STU-105,2025-04-28,Absent
STU-105,2025-05-01,Present
STU-105,2025-05-03,Absent
STU-105,2025-05-05,Present
STU-106,2025-02-15,Present
STU-106,2025-02-17,Present
STU-106,2025-02-19,Present
STU-106,2025-02-22,Present
STU-106,2025-02-24,Present
STU-106,2025-02-26,Present
STU-106,2025-03-01,Absent
STU-106,2025-03-03,Present
STU-106,2025-03-05,Absent
STU-106,2025-03-08,Present
STU-106,2025-03-10,Present
STU-106,2025-03-12,Present
STU-106,2025-03-15,Present
STU-106,2025-03-17,Present
STU-106,2025-03-19,Present
STU-106,2025-03-22,Present
STU-106,2025-03-24,Absent
STU-106,2025-03-26,Present
STU-106,2025-03-29,Present
STU-106,2025-03-31,Absent
STU-106,2025-04-02,Absent
STU-106,2025-04-05,Absent
STU-106,2025-04-07,Present
STU-106,2025-04-09,Present
STU-106,2025-04-12,Present
STU-106,2025-04-14,Present
STU-106,2025-04-16,Present
STU-106,2025-04-19,Present
STU-106,2025-04-21,Present
STU-106,2025-04-23,Present
STU-106,2025-04-26,Present
STU-106,2025-04-28,Present
STU-106,2025-04-30,Present
STU-106,2025-05-03,Present
STU-106,2025-05-05,Present
STU-106,2025-05-07,Present
STU-107,2025-02-23,Present
STU-107,2025-02-25,Present
STU-107,2025-02-27,Present
STU-107,2025-03-02,Present
STU-107,2025-03-04,Present
STU-107,2025-03-06,Present
STU-107,2025-03-09,Present
STU-107,2025-03-11,Present
STU-107,2025-03-13,Present
STU-107,2025-03-16,Present
STU-107,2025-03-18,Present
STU-107,2025-03-20,Present
STU-107,2025-03-23,Present
STU-107,2025-03-25,Absent
STU-107,2025-03-27,Present
STU-107,2025-03-30,Absent
STU-107,2025-04-01,Present
STU-107,2025-04-03,Absent
STU-107,2025-04-06,Present
STU-107,2025-04-08,Present
STU-107,2025-04-10,Present
STU-107,2025-04-13,Absent
STU-107,2025-04-15,Present
STU-107,2025-04-17,Present
STU-107,2025-04-20,Absent
STU-107,2025-04-22,Present
STU-107,2025-04-24,Present
STU-107,2025-04-27,Present
STU-107,2025-04-29,Present
STU-107,2025-05-01,Absent
STU-107,2025-05-04,Present
STU-107,2025-05-06,Present
STU-107,2025-05-08,Present
STU-107,2025-05-11,Present
STU-107,2025-05-13,Present
STU-107,2025-05-15,Present
STU-108,2025-01-13,Present
STU-108,2025-01-15,Present
STU-108,2025-01-17,Present
STU-108,2025-01-20,Absent
STU-108,2025-01-22,Present
STU-108,2025-01-24,Absent
STU-108,2025-01-27,Present
STU-108,2025-01-29,Absent
STU-108,2025-01-31,Absent
STU-108,2025-02-03,Absent
STU-108,2025-02-05,Present
STU-108,2025-02-07,Present
STU-108,2025-02-10,Present
STU-108,2025-02-12,Present
STU-108,2025-02-14,Absent
STU-108,2025-02-17,Present
STU-108,2025-02-19,Present
STU-108,2025-02-21,Present
STU-108,2025-02-24,Absent
STU-108,2025-02-26,Present
STU-108,2025-02-28,Present
STU-108,2025-03-03,Present
STU-108,2025-03-05,Present
STU-108,2025-03-07,Present
STU-108,2025-03-10,Absent
STU-108,2025-03-12,Absent
STU-108,2025-03-14,Present
STU-108,2025-03-17,Present
STU-108,2025-03-19,Present
STU-108,2025-03-21,Present
STU-108,2025-03-24,Present
STU-108,2025-03-26,Absent
STU-108,2025-03-28,Absent
STU-108,2025-03-31,Present
STU-108,2025-04-02,Absent
STU-108,2025-04-04,Present
STU-109,2025-03-20,Absent
STU-109,2025-03-22,Absent
STU-109,2025-03-24,Present
STU-109,2025-03-27,Absent
STU-109,2025-03-29,Absent
STU-109,2025-03-31,Present
STU-109,2025-04-03,Present
STU-109,2025-04-05,Absent
STU-109,2025-04-07,Present
STU-109,2025-04-10,Present
STU-109,2025-04-12,Absent
STU-109,2025-04-14,Absent
STU-109,2025-04-17,Absent
STU-109,2025-04-19,Absent
STU-109,2025-04-21,Present
STU-109,2025-04-24,Present
STU-109,2025-04-26,Present
STU-109,2025-04-28,Absent
STU-109,2025-05-01,Absent
STU-109,2025-05-03,Absent
STU-109,2025-05-05,Present
STU-109,2025-05-08,Absent
STU-109,2025-05-10,Present
STU-109,2025-05-12,Present
STU-109,2025-05-15,Absent
STU-109,2025-05-17,Absent
STU-109,2025-05-19,Present
STU-109,2025-05-22,Present
STU-109,2025-05-24,Present
STU-109,2025-05-26,Present
STU-109,2025-05-29,Absent
STU-109,2025-05-31,Present
STU-109,2025-06-02,Absent
STU-109,2025-06-05,Present
STU-109,2025-06-07,Present
STU-109,2025-06-09,Present
STU-110,2025-02-06,Present
STU-110,2025-02-08,Present
STU-110,2025-02-10,Present
STU-110,2025-02-13,Present
STU-110,2025-02-15,Present
STU-110,2025-02-17,Present
STU-110,2025-02-20,Present
STU-110,2025-02-22,Present
STU-110,2025-02-24,Present
STU-110,2025-02-27,Present
STU-110,2025-03-01,Present
STU-110,2025-03-03,Absent
STU-110,2025-03-06,Present
STU-110,2025-03-08,Present
STU-110,2025-03-10,Absent
STU-110,2025-03-13,Absent
STU-110,2025-03-15,Absent
STU-110,2025-03-17,Present
STU-110,2025-03-20,Present
STU-110,2025-03-22,Present
STU-110,2025-03-24,Present
STU-110,2025-03-27,Present
STU-110,2025-03-29,Present
STU-110,2025-03-31,Present
STU-110,2025-04-03,Present
STU-110,2025-04-05,Present
STU-110,2025-04-07,Present
STU-110,2025-04-10,Present
STU-110,2025-04-12,Present
STU-110,2025-04-14,Present
STU-110,2025-04-17,Absent
STU-110,2025-04-19,Present
STU-110,2025-04-21,Present
STU-110,2025-04-24,Present
STU-110,2025-04-26,Present
STU-110,2025-04-28,Present
STU-111,2025-02-09,Present
STU-111,2025-02-11,Present
STU-111,2025-02-13,Present
STU-111,2025-02-16,Present
STU-111,2025-02-18,Present
STU-111,2025-02-20,Present
STU-111,2025-02-23,Present
STU-111,2025-02-25,Present
STU-111,2025-02-27,Present
STU-111,2025-03-02,Present
STU-111,2025-03-04,Present
STU-111,2025-03-06,Present
STU-111,2025-03-09,Present
STU-111,2025-03-11,Present
STU-111,2025-03-13,Present
STU-111,2025-03-16,Present
STU-111,2025-03-18,Present
STU-111,2025-03-20,Present
STU-111,2025-03-23,Present
STU-111,2025-03-25,Present
STU-111,2025-03-27,Present
STU-111,2025-03-30,Present
STU-111,2025-04-01,Present
STU-111,2025-04-03,Present
STU-111,2025-04-06,Present
STU-111,2025-04-08,Present
STU-111,2025-04-10,Present
STU-111,2025-04-13,Present
STU-111,2025-04-15,Present
STU-111,2025-04-17,Present
STU-111,2025-04-20,Present
STU-111,2025-04-22,Present
STU-111,2025-04-24,Present
STU-111,2025-04-27,Present
STU-111,2025-04-29,Present
STU-111,2025-05-01,Present
STU-112,2025-03-07,Present
STU-112,2025-03-09,Present
STU-112,2025-03-11,Present
STU-112,2025-03-14,Present
STU-112,2025-03-16,Present
STU-112,2025-03-18,Present
STU-112,2025-03-21,Present
STU-112,2025-03-23,Present
STU-112,2025-03-25,Absent
STU-112,2025-03-28,Present
STU-112,2025-03-30,Present
STU-112,2025-04-01,Present
STU-112,2025-04-04,Absent
STU-112,2025-04-06,Present
STU-112,2025-04-08,Present
STU-112,2025-04-11,Present
STU-112,2025-04-13,Absent
STU-112,2025-04-15,Present
STU-112,2025-04-18,Present
STU-112,2025-04-20,Present
STU-112,2025-04-22,Present
STU-112,2025-04-25,Present
STU-112,2025-04-27,Present
STU-112,2025-04-29,Present
STU-112,2025-05-02,Present
STU-112,2025-05-04,Present
STU-112,2025-05-06,Present
STU-112,2025-05-09,Present
STU-112,2025-05-11,Present
STU-112,2025-05-13,Present
STU-112,2025-05-16,Present
STU-112,2025-05-18,Present
STU-112,2025-05-20,Present
STU-112,2025-05-23,Absent
STU-112,2025-05-25,Present
STU-112,2025-05-27,Present
STU-113,2025-03-02,Present
STU-113,2025-03-04,Present
STU-113,2025-03-06,Present
STU-113,2025-03-09,Present
STU-113,2025-03-11,Present
STU-113,2025-03-13,Present
STU-113,2025-03-16,Present
STU-113,2025-03-18,Absent
STU-113,2025-03-20,Present
STU-113,2025-03-23,Present
STU-113,2025-03-25,Present
STU-113,2025-03-27,Present
STU-113,2025-03-30,Absent
STU-113,2025-04-01,Present
STU-113,2025-04-03,Absent
STU-113,2025-04-06,Present
STU-113,2025-04-08,Absent
STU-113,2025-04-10,Present
STU-113,2025-04-13,Present
STU-113,2025-04-15,Present
STU-113,2025-04-17,Present
STU-113,2025-04-20,Present
STU-113,2025-04-22,Present
STU-113,2025-04-24,Present
STU-113,2025-04-27,Absent
STU-113,2025-04-29,Present
STU-113,2025-05-01,Present
STU-113,2025-05-04,Present
STU-113,2025-05-06,Absent
STU-113,2025-05-08,Present
STU-113,2025-05-11,Present
STU-113,2025-05-13,Present
STU-113,2025-05-15,Present
STU-113,2025-05-18,Present
STU-113,2025-05-20,Present
STU-113,2025-05-22,Present
STU-114,2025-01-14,Present
STU-114,2025-01-16,Absent
STU-114,2025-01-18,Present
STU-114,2025-01-21,Present
STU-114,2025-01-23,Present
STU-114,2025-01-25,Absent
STU-114,2025-01-28,Present
STU-114,2025-01-30,Present
STU-114,2025-02-01,Absent
STU-114,2025-02-04,Present
STU-114,2025-02-06,Absent
STU-114,2025-02-08,Present
STU-114,2025-02-11,Absent
STU-114,2025-02-13,Absent
STU-114,2025-02-15,Absent
STU-114,2025-02-18,Present
STU-114,2025-02-20,Present
STU-114,2025-02-22,Present
STU-114,2025-02-25,Present
STU-114,2025-02-27,Absent
STU-114,2025-03-01,Present
STU-114,2025-03-04,Present
STU-114,2025-03-06,Present
STU-114,2025-03-08,Present
STU-114,2025-03-11,Present
STU-114,2025-03-13,Present
STU-114,2025-03-15,Present
STU-114,2025-03-18,Present
STU-114,2025-03-20,Absent
STU-114,2025-03-22,Absent
STU-114,2025-03-25,Present
STU-114,2025-03-27,Present
STU-114,2025-03-29,Present
STU-114,2025-04-01,Present
STU-114,2025-04-03,Absent
STU-114,2025-04-05,Absent
STU-115,2025-02-27,Present
STU-115,2025-03-01,Present
STU-115,2025-03-03,Present
STU-115,2025-03-06,Present
STU-115,2025-03-08,Present
STU-115,2025-03-10,Present
STU-115,2025-03-13,Present
STU-115,2025-03-15,Present
STU-115,2025-03-17,Present
STU-115,2025-03-20,Present
STU-115,2025-03-22,Present
STU-115,2025-03-24,Present
STU-115,2025-03-27,Present
STU-115,2025-03-29,Present
STU-115,2025-03-31,Present
STU-115,2025-04-03,Present
STU-115,2025-04-05,Present
STU-115,2025-04-07,Present
STU-115,2025-04-10,Present
STU-115,2025-04-12,Present
STU-115,2025-04-14,Present
STU-115,2025-04-17,Present
STU-115,2025-04-19,Present
STU-115,2025-04-21,Present
STU-115,2025-04-24,Present
STU-115,2025-04-26,Present
STU-115,2025-04-28,Present
STU-115,2025-05-01,Present
STU-115,2025-05-03,Present
STU-115,2025-05-05,Present
STU-115,2025-05-08,Present
STU-115,2025-05-10,Present
STU-115,2025-05-12,Present
STU-115,2025-05-15,Present
STU-115,2025-05-17,Present
STU-115,2025-05-19,Present
STU-116,2025-02-15,Present
STU-116,2025-02-17,Present
STU-116,2025-02-19,Absent
STU-116,2025-02-22,Absent
STU-116,2025-02-24,Present
STU-116,2025-02-26,Absent
STU-116,2025-03-01,Present
STU-116,2025-03-03,Present
STU-116,2025-03-05,Absent
STU-116,2025-03-08,Present
STU-116,2025-03-10,Absent
STU-116,2025-03-12,Present
STU-116,2025-03-15,Present
STU-116,2025-03-17,Present
STU-116,2025-03-19,Absent
STU-116,2025-03-22,Present
STU-116,2025-03-24,Present
STU-116,2025-03-26,Present
STU-116,2025-03-29,Present
STU-116,2025-03-31,Present
STU-116,2025-04-02,Present
STU-116,2025-04-05,Present
STU-116,2025-04-07,Present
STU-116,2025-04-09,Absent
STU-116,2025-04-12,Present
STU-116,2025-04-14,Present
STU-116,2025-04-16,Present
STU-116,2025-04-19,Absent
STU-116,2025-04-21,Present
STU-116,2025-04-23,Absent
STU-116,2025-04-26,Present
STU-116,2025-04-28,Present
STU-116,2025-04-30,Present
STU-116,2025-05-03,Present
STU-116,2025-05-05,Present
STU-116,2025-05-07,Absent
STU-117,2025-01-25,Present
STU-117,2025-01-27,Present
STU-117,2025-01-29,Present
STU-117,2025-02-01,Absent
STU-117,2025-02-03,Present
STU-117,2025-02-05,Absent
STU-117,2025-02-08,Present
STU-117,2025-02-10,Present
STU-117,2025-02-12,Present
STU-117,2025-02-15,Present
STU-117,2025-02-17,Present
STU-117,2025-02-19,Present
STU-117,2025-02-22,Present
STU-117,2025-02-24,Absent
STU-117,2025-02-26,Present
STU-117,2025-03-01,Present
STU-117,2025-03-03,Present
STU-117,2025-03-05,Present
STU-117,2025-03-08,Present
STU-117,2025-03-10,Present
STU-117,2025-03-12,Present
STU-117,2025-03-15,Present
STU-117,2025-03-17,Present
STU-117,2025-03-19,Present
STU-117,2025-03-22,Absent
STU-117,2025-03-24,Present
STU-117,2025-03-26,Present
STU-117,2025-03-29,Present
STU-117,2025-03-31,Present
STU-117,2025-04-02,Present
STU-117,2025-04-05,Present
STU-117,2025-04-07,Present
STU-117,2025-04-09,Present
STU-117,2025-04-12,Present
STU-117,2025-04-14,Present
STU-117,2025-04-16,Present
STU-118,2025-02-18,Present
STU-118,2025-02-20,Present
STU-118,2025-02-22,Present
STU-118,2025-02-25,Absent
STU-118,2025-02-27,Present
STU-118,2025-03-01,Present
STU-118,2025-03-04,Present
STU-118,2025-03-06,Present
STU-118,2025-03-08,Present
STU-118,2025-03-11,Present
STU-118,2025-03-13,Present
STU-118,2025-03-15,Present
STU-118,2025-03-18,Absent
STU-118,2025-03-20,Present
STU-118,2025-03-22,Present
STU-118,2025-03-25,Present
STU-118,2025-03-27,Present
STU-118,2025-03-29,Present
STU-118,2025-04-01,Present
STU-118,2025-04-03,Absent
STU-118,2025-04-05,Absent
STU-118,2025-04-08,Present
STU-118,2025-04-10,Present
STU-118,2025-04-12,Absent
STU-118,2025-04-15,Absent
STU-118,2025-04-17,Absent
STU-118,2025-04-19,Present
STU-118,2025-04-22,Absent
STU-118,2025-04-24,Absent
STU-118,2025-04-26,Present
STU-118,2025-04-29,Present
STU-118,2025-05-01,Absent
STU-118,2025-05-03,Absent
STU-118,2025-05-06,Present
STU-118,2025-05-08,Present
STU-118,2025-05-10,Absent
STU-119,2025-02-08,Present
STU-119,2025-02-10,Present
STU-119,2025-02-12,Present
STU-119,2025-02-15,Absent
STU-119,2025-02-17,Present
STU-119,2025-02-19,Absent
STU-119,2025-02-22,Present
STU-119,2025-02-24,Present
STU-119,2025-02-26,Present
STU-119,2025-03-01,Present
STU-119,2025-03-03,Absent
STU-119,2025-03-05,Present
STU-119,2025-03-08,Present
STU-119,2025-03-10,Present
STU-119,2025-03-12,Present
STU-119,2025-03-15,Present
STU-119,2025-03-17,Present
STU-119,2025-03-19,Present
STU-119,2025-03-22,Present
STU-119,2025-03-24,Present
STU-119,2025-03-26,Present
STU-119,2025-03-29,Present
STU-119,2025-03-31,Present
STU-119,2025-04-02,Present
STU-119,2025-04-05,Present
STU-119,2025-04-07,Present
STU-119,2025-04-09,Present
STU-119,2025-04-12,Present
STU-119,2025-04-14,Present
STU-119,2025-04-16,Present
STU-119,2025-04-19,Present
STU-119,2025-04-21,Absent
STU-119,2025-04-23,Present
STU-119,2025-04-26,Present
STU-119,2025-04-28,Present
STU-119,2025-04-30,Present
STU-120,2025-02-02,Present
STU-120,2025-02-04,Present
STU-120,2025-02-06,Present
STU-120,2025-02-09,Present
STU-120,2025-02-11,Present
STU-120,2025-02-13,Present
STU-120,2025-02-16,Absent
STU-120,2025-02-18,Present
STU-120,2025-02-20,Present
STU-120,2025-02-23,Present
STU-120,2025-02-25,Present
STU-120,2025-02-27,Present
STU-120,2025-03-02,Present
STU-120,2025-03-04,Present
STU-120,2025-03-06,Absent
STU-120,2025-03-09,Present
STU-120,2025-03-11,Present
STU-120,2025-03-13,Present
STU-120,2025-03-16,Present
STU-120,2025-03-18,Present
STU-120,2025-03-20,Present
STU-120,2025-03-23,Present
STU-120,2025-03-25,Present
STU-120,2025-03-27,Present
STU-120,2025-03-30,Absent
STU-120,2025-04-01,Absent
STU-120,2025-04-03,Present
STU-120,2025-04-06,Present
STU-120,2025-04-08,Present
STU-120,2025-04-10,Present
STU-120,2025-04-13,Present
STU-120,2025-04-15,Present
STU-120,2025-04-17,Present
STU-120,2025-04-20,Present
STU-120,2025-04-22,Present
STU-120,2025-04-24,Present
STU-121,2025-02-13,Absent
STU-121,2025-02-15,Present
STU-121,2025-02-17,Absent
STU-121,2025-02-20,Present
STU-121,2025-02-22,Absent
STU-121,2025-02-24,Present
STU-121,2025-02-27,Present
STU-121,2025-03-01,Present
STU-121,2025-03-03,Absent
STU-121,2025-03-06,Present
STU-121,2025-03-08,Present
STU-121,2025-03-10,Present
STU-121,2025-03-13,Present
STU-121,2025-03-15,Present
STU-121,2025-03-17,Present
STU-121,2025-03-20,Present
STU-121,2025-03-22,Absent
STU-121,2025-03-24,Present
STU-121,2025-03-27,Absent
STU-121,2025-03-29,Absent
STU-121,2025-03-31,Present
STU-121,2025-04-03,Present
STU-121,2025-04-05,Present
STU-121,2025-04-07,Present
STU-121,2025-04-10,Present
STU-121,2025-04-12,Present
STU-121,2025-04-14,Present
STU-121,2025-04-17,Present
STU-121,2025-04-19,Present
STU-121,2025-04-21,Present
STU-121,2025-04-24,Present
STU-121,2025-04-26,Absent
STU-121,2025-04-28,Absent
STU-121,2025-05-01,Present
STU-121,2025-05-03,Absent
STU-121,2025-05-05,Present
STU-122,2025-02-20,Present
STU-122,2025-02-22,Present
STU-122,2025-02-24,Absent
STU-122,2025-02-27,Present
STU-122,2025-03-01,Present
STU-122,2025-03-03,Absent
STU-122,2025-03-06,Present
STU-122,2025-03-08,Absent
STU-122,2025-03-10,Present
STU-122,2025-03-13,Present
STU-122,2025-03-15,Absent
STU-122,2025-03-17,Present
STU-122,2025-03-20,Present
STU-122,2025-03-22,Present
STU-122,2025-03-24,Present
STU-122,2025-03-27,Present
STU-122,2025-03-29,Present
STU-122,2025-03-31,Present
STU-122,2025-04-03,Present
STU-122,2025-04-05,Present
STU-122,2025-04-07,Present
STU-122,2025-04-10,Absent
STU-122,2025-04-12,Present
STU-122,2025-04-14,Present
STU-122,2025-04-17,Present
STU-122,2025-04-19,Present
STU-122,2025-04-21,Present
STU-122,2025-04-24,Absent
STU-122,2025-04-26,Present
STU-122,2025-04-28,Absent
STU-122,2025-05-01,Present
STU-122,2025-05-03,Present
STU-122,2025-05-05,Absent
STU-122,2025-05-08,Present
STU-122,2025-05-10,Absent
STU-122,2025-05-12,Absent
STU-123,2025-01-17,Present
STU-123,2025-01-19,Present
STU-123,2025-01-21,Present
STU-123,2025-01-24,Present
STU-123,2025-01-26,Present
STU-123,2025-01-28,Present
STU-123,2025-01-31,Present
STU-123,2025-02-02,Present
STU-123,2025-02-04,Present
STU-123,2025-02-07,Present
STU-123,2025-02-09,Present
STU-123,2025-02-11,Present
STU-123,2025-02-14,Present
STU-123,2025-02-16,Present
STU-123,2025-02-18,Present
STU-123,2025-02-21,Present
STU-123,2025-02-23,Present
STU-123,2025-02-25,Present
STU-123,2025-02-28,Present
STU-123,2025-03-02,Present
STU-123,2025-03-04,Present
STU-123,2025-03-07,Present
STU-123,2025-03-09,Present
STU-123,2025-03-11,Present
STU-123,2025-03-14,Present
STU-123,2025-03-16,Present
STU-123,2025-03-18,Present
STU-123,2025-03-21,Present
STU-123,2025-03-23,Present
STU-123,2025-03-25,Present
STU-123,2025-03-28,Present
STU-123,2025-03-30,Present
STU-123,2025-04-01,Absent
STU-123,2025-04-04,Present
STU-123,2025-04-06,Present
STU-123,2025-04-08,Present
STU-124,2025-03-10,Present
STU-124,2025-03-12,Absent
STU-124,2025-03-14,Present
STU-124,2025-03-17,Present
STU-124,2025-03-19,Present
STU-124,2025-03-21,Absent
STU-124,2025-03-24,Present
STU-124,2025-03-26,Present
STU-124,2025-03-28,Present
STU-124,2025-03-31,Absent
STU-124,2025-04-02,Present
STU-124,2025-04-04,Present
STU-124,2025-04-07,Absent
STU-124,2025-04-09,Present
STU-124,2025-04-11,Absent
STU-124,2025-04-14,Present
STU-124,2025-04-16,Absent
STU-124,2025-04-18,Absent
STU-124,2025-04-21,Present
STU-124,2025-04-23,Present
STU-124,2025-04-25,Present
STU-124,2025-04-28,Absent
STU-124,2025-04-30,Present
STU-124,2025-05-02,Present
STU-124,2025-05-05,Absent
STU-124,2025-05-07,Absent
STU-124,2025-05-09,Present
STU-124,2025-05-12,Present
STU-124,2025-05-14,Absent
STU-124,2025-05-16,Present
STU-124,2025-05-19,Absent
STU-124,2025-05-21,Present
STU-124,2025-05-23,Absent
STU-124,2025-05-26,Absent
STU-124,2025-05-28,Present
STU-124,2025-05-30,Present
STU-125,2025-03-20,Present
STU-125,2025-03-22,Absent
STU-125,2025-03-24,Absent
STU-125,2025-03-27,Present
STU-125,2025-03-29,Present
STU-125,2025-03-31,Present
STU-125,2025-04-03,Present
STU-125,2025-04-05,Present
STU-125,2025-04-07,Absent
STU-125,2025-04-10,Present
STU-125,2025-04-12,Absent
STU-125,2025-04-14,Present
STU-125,2025-04-17,Present
STU-125,2025-04-19,Absent
STU-125,2025-04-21,Present
STU-125,2025-04-24,Present
STU-125,2025-04-26,Absent
STU-125,2025-04-28,Present
STU-125,2025-05-01,Absent
STU-125,2025-05-03,Present
STU-125,2025-05-05,Absent
STU-125,2025-05-08,Absent
STU-125,2025-05-10,Present
STU-125,2025-05-12,Present
STU-125,2025-05-15,Present
STU-125,2025-05-17,Present
STU-125,2025-05-19,Present
STU-125,2025-05-22,Absent
STU-125,2025-05-24,Absent
STU-125,2025-05-26,Absent
STU-125,2025-05-29,Present
STU-125,2025-05-31,Present
STU-125,2025-06-02,Present
STU-125,2025-06-05,Present
STU-125,2025-06-07,Present
STU-125,2025-06-09,Present
STU-126,2025-02-24,Present
STU-126,2025-02-26,Present
STU-126,2025-02-28,Present
STU-126,2025-03-03,Present
STU-126,2025-03-05,Present
STU-126,2025-03-07,Present
STU-126,2025-03-10,Present
STU-126,2025-03-12,Present
STU-126,2025-03-14,Present
STU-126,2025-03-17,Present
STU-126,2025-03-19,Absent
STU-126,2025-03-21,Present
STU-126,2025-03-24,Present
STU-126,2025-03-26,Absent
STU-126,2025-03-28,Present
STU-126,2025-03-31,Present
STU-126,2025-04-02,Present
STU-126,2025-04-04,Absent
STU-126,2025-04-07,Present
STU-126,2025-04-09,Present
STU-126,2025-04-11,Absent
STU-126,2025-04-14,Present
STU-126,2025-04-16,Absent
STU-126,2025-04-18,Absent
STU-126,2025-04-21,Present
STU-126,2025-04-23,Present
STU-126,2025-04-25,Present
STU-126,2025-04-28,Absent
STU-126,2025-04-30,Present
STU-126,2025-05-02,Absent
STU-126,2025-05-05,Present
STU-126,2025-05-07,Present
STU-126,2025-05-09,Absent
STU-126,2025-05-12,Present
STU-126,2025-05-14,Present
STU-126,2025-05-16,Present
STU-127,2025-03-04,Absent
STU-127,2025-03-06,Present
STU-127,2025-03-08,Present
STU-127,2025-03-11,Present
STU-127,2025-03-13,Absent
STU-127,2025-03-15,Present
STU-127,2025-03-18,Present
STU-127,2025-03-20,Present
STU-127,2025-03-22,Absent
STU-127,2025-03-25,Absent
STU-127,2025-03-27,Present
STU-127,2025-03-29,Present
STU-127,2025-04-01,Present
STU-127,2025-04-03,Absent
STU-127,2025-04-05,Present
STU-127,2025-04-08,Absent
STU-127,2025-04-10,Absent
STU-127,2025-04-12,Absent
STU-127,2025-04-15,Present
STU-127,2025-04-17,Present
STU-127,2025-04-19,Present
STU-127,2025-04-22,Present
STU-127,2025-04-24,Present
STU-127,2025-04-26,Absent
STU-127,2025-04-29,Present
STU-127,2025-05-01,Absent
STU-127,2025-05-03,Absent
STU-127,2025-05-06,Absent
STU-127,2025-05-08,Present
STU-127,2025-05-10,Absent
STU-127,2025-05-13,Absent
STU-127,2025-05-15,Present
STU-127,2025-05-17,Present
STU-127,2025-05-20,Absent
STU-127,2025-05-22,Present
STU-127,2025-05-24,Present
STU-128,2025-01-22,Present
STU-128,2025-01-24,Present
STU-128,2025-01-26,Present
STU-128,2025-01-29,Present
STU-128,2025-01-31,Absent
STU-128,2025-02-02,Present
STU-128,2025-02-05,Present
STU-128,2025-02-07,Present
STU-128,2025-02-09,Absent
STU-128,2025-02-12,Present
STU-128,2025-02-14,Present
STU-128,2025-02-16,Present
STU-128,2025-02-19,Present
STU-128,2025-02-21,Absent
STU-128,2025-02-23,Present
STU-128,2025-02-26,Present
STU-128,2025-02-28,Absent
STU-128,2025-03-02,Present
STU-128,2025-03-05,Present
STU-128,2025-03-07,Present
STU-128,2025-03-09,Present
STU-128,2025-03-12,Present
STU-128,2025-03-14,Present
STU-128,2025-03-16,Present
STU-128,2025-03-19,Present
STU-128,2025-03-21,Present
STU-128,2025-03-23,Present
STU-128,2025-03-26,Present
STU-128,2025-03-28,Present
STU-128,2025-03-30,Present
STU-128,2025-04-02,Present
STU-128,2025-04-04,Present
STU-128,2025-04-06,Present
STU-128,2025-04-09,Present
STU-128,2025-04-11,Present
STU-128,2025-04-13,Present
STU-129,2025-02-24,Present
STU-129,2025-02-26,Present
STU-129,2025-02-28,Present
STU-129,2025-03-03,Present
STU-129,2025-03-05,Absent
STU-129,2025-03-07,Present
STU-129,2025-03-10,Absent
STU-129,2025-03-12,Present
STU-129,2025-03-14,Present
STU-129,2025-03-17,Absent
STU-129,2025-03-19,Present
STU-129,2025-03-21,Present
STU-129,2025-03-24,Absent
STU-129,2025-03-26,Present
STU-129,2025-03-28,Present
STU-129,2025-03-31,Present
STU-129,2025-04-02,Absent
STU-129,2025-04-04,Present
STU-129,2025-04-07,Present
STU-129,2025-04-09,Absent
STU-129,2025-04-11,Present
STU-129,2025-04-14,Present
STU-129,2025-04-16,Present
STU-129,2025-04-18,Present
STU-129,2025-04-21,Absent
STU-129,2025-04-23,Present
STU-129,2025-04-25,Present
STU-129,2025-04-28,Present
STU-129,2025-04-30,Present
STU-129,2025-05-02,Present
STU-129,2025-05-05,Present
STU-129,2025-05-07,Absent
STU-129,2025-05-09,Present
STU-129,2025-05-12,Present
STU-129,2025-05-14,Present
STU-129,2025-05-16,Absent
STU-130,2025-01-24,Present
STU-130,2025-01-26,Absent
STU-130,2025-01-28,Present
STU-130,2025-01-31,Absent
STU-130,2025-02-02,Present
STU-130,2025-02-04,Absent
STU-130,2025-02-07,Absent
STU-130,2025-02-09,Absent
STU-130,2025-02-11,Present
STU-130,2025-02-14,Absent
STU-130,2025-02-16,Present
STU-130,2025-02-18,Present
STU-130,2025-02-21,Absent
STU-130,2025-02-23,Absent
STU-130,2025-02-25,Absent
STU-130,2025-02-28,Present
STU-130,2025-03-02,Present
STU-130,2025-03-04,Present
STU-130,2025-03-07,Present
STU-130,2025-03-09,Present
STU-130,2025-03-11,Absent
STU-130,2025-03-14,Present
STU-130,2025-03-16,Present
STU-130,2025-03-18,Absent
STU-130,2025-03-21,Present
STU-130,2025-03-23,Present
STU-130,2025-03-25,Absent
STU-130,2025-03-28,Absent
STU-130,2025-03-30,Absent
STU-130,2025-04-01,Present
STU-130,2025-04-04,Present
STU-130,2025-04-06,Present
STU-130,2025-04-08,Present
STU-130,2025-04-11,Present
STU-130,2025-04-13,Absent
STU-130,2025-04-15,Absent
STU-131,2025-02-21,Absent
STU-131,2025-02-23,Absent
STU-131,2025-02-25,Present
STU-131,2025-02-28,Present
STU-131,2025-03-02,Present
STU-131,2025-03-04,Present
STU-131,2025-03-07,Present
STU-131,2025-03-09,Absent
STU-131,2025-03-11,Present
STU-131,2025-03-14,Present
STU-131,2025-03-16,Present
STU-131,2025-03-18,Present
STU-131,2025-03-21,Absent
STU-131,2025-03-23,Present
STU-131,2025-03-25,Absent
STU-131,2025-03-28,Present
STU-131,2025-03-30,Present
STU-131,2025-04-01,Present
STU-131,2025-04-04,Present
STU-131,2025-04-06,Present
STU-131,2025-04-08,Present
STU-131,2025-04-11,Present
STU-131,2025-04-13,Absent
STU-131,2025-04-15,Present
STU-131,2025-04-18,Present
STU-131,2025-04-20,Absent
STU-131,2025-04-22,Present
STU-131,2025-04-25,Present
STU-131,2025-04-27,Present
STU-131,2025-04-29,Absent
STU-131,2025-05-02,Present
STU-131,2025-05-04,Absent
STU-131,2025-05-06,Present
STU-131,2025-05-09,Present
STU-131,2025-05-11,Present
STU-131,2025-05-13,Present
STU-132,2025-03-08,Present
STU-132,2025-03-10,Present
STU-132,2025-03-12,Present
STU-132,2025-03-15,Present
STU-132,2025-03-17,Present
STU-132,2025-03-19,Present
STU-132,2025-03-22,Present
STU-132,2025-03-24,Absent
STU-132,2025-03-26,Present
STU-132,2025-03-29,Present
STU-132,2025-03-31,Present
STU-132,2025-04-02,Present
STU-132,2025-04-05,Absent
STU-132,2025-04-07,Present
STU-132,2025-04-09,Present
STU-132,2025-04-12,Present
STU-132,2025-04-14,Present
STU-132,2025-04-16,Present
STU-132,2025-04-19,Present
STU-132,2025-04-21,Present
STU-132,2025-04-23,Present
STU-132,2025-04-26,Present
STU-132,2025-04-28,Present
STU-132,2025-04-30,Absent
STU-132,2025-05-03,Present
STU-132,2025-05-05,Present
STU-132,2025-05-07,Present
STU-132,2025-05-10,Present
STU-132,2025-05-12,Absent
STU-132,2025-05-14,Present
STU-132,2025-05-17,Absent
STU-132,2025-05-19,Present
STU-132,2025-05-21,Present
STU-132,2025-05-24,Present
STU-132,2025-05-26,Present
STU-132,2025-05-28,Present
STU-133,2025-01-06,Present
STU-133,2025-01-08,Present
STU-133,2025-01-10,Present
STU-133,2025-01-13,Present
STU-133,2025-01-15,Present
STU-133,2025-01-17,Present
STU-133,2025-01-20,Present
STU-133,2025-01-22,Present
STU-133,2025-01-24,Present
STU-133,2025-01-27,Present
STU-133,2025-01-29,Present
STU-133,2025-01-31,Present
STU-133,2025-02-03,Present
STU-133,2025-02-05,Present
STU-133,2025-02-07,Present
STU-133,2025-02-10,Absent
STU-133,2025-02-12,Present
STU-133,2025-02-14,Present
STU-133,2025-02-17,Present
STU-133,2025-02-19,Present
STU-133,2025-02-21,Absent
STU-133,2025-02-24,Present
STU-133,2025-02-26,Present
STU-133,2025-02-28,Present
STU-133,2025-03-03,Present
STU-133,2025-03-05,Present
STU-133,2025-03-07,Present
STU-133,2025-03-10,Present
STU-133,2025-03-12,Present
STU-133,2025-03-14,Present
STU-133,2025-03-17,Present
STU-133,2025-03-19,Present
STU-133,2025-03-21,Present
STU-133,2025-03-24,Present
STU-133,2025-03-26,Absent
STU-133,2025-03-28,Present
STU-134,2025-02-19,Absent
STU-134,2025-02-21,Present
STU-134,2025-02-23,Present
STU-134,2025-02-26,Present
STU-134,2025-02-28,Absent
STU-134,2025-03-02,Absent
STU-134,2025-03-05,Present
STU-134,2025-03-07,Present
STU-134,2025-03-09,Present
STU-134,2025-03-12,Present
STU-134,2025-03-14,Present
STU-134,2025-03-16,Absent
STU-134,2025-03-19,Present
STU-134,2025-03-21,Present
STU-134,2025-03-23,Present
STU-134,2025-03-26,Present
STU-134,2025-03-28,Present
STU-134,2025-03-30,Present
STU-134,2025-04-02,Present
STU-134,2025-04-04,Absent
STU-134,2025-04-06,Present
STU-134,2025-04-09,Present
STU-134,2025-04-11,Present
STU-134,2025-04-13,Absent
STU-134,2025-04-16,Absent
STU-134,2025-04-18,Present
STU-134,2025-04-20,Absent
STU-134,2025-04-23,Present
STU-134,2025-04-25,Present
STU-134,2025-04-27,Present
STU-134,2025-04-30,Absent
STU-134,2025-05-02,Present
STU-134,2025-05-04,Absent
STU-134,2025-05-07,Present
STU-134,2025-05-09,Present
STU-134,2025-05-11,Present
STU-135,2025-02-12,Absent
STU-135,2025-02-14,Present
STU-135,2025-02-16,Absent
STU-135,2025-02-19,Absent
STU-135,2025-02-21,Present
STU-135,2025-02-23,Absent
STU-135,2025-02-26,Absent
STU-135,2025-02-28,Present
STU-135,2025-03-02,Absent
STU-135,2025-03-05,Absent
STU-135,2025-03-07,Absent
STU-135,2025-03-09,Present
STU-135,2025-03-12,Present
STU-135,2025-03-14,Present
STU-135,2025-03-16,Present
STU-135,2025-03-19,Present
STU-135,2025-03-21,Present
STU-135,2025-03-23,Present
STU-135,2025-03-26,Absent
STU-135,2025-03-28,Present
STU-135,2025-03-30,Absent
STU-135,2025-04-02,Present
STU-135,2025-04-04,Present
STU-135,2025-04-06,Present
STU-135,2025-04-09,Absent
STU-135,2025-04-11,Present
STU-135,2025-04-13,Absent
STU-135,2025-04-16,Present
STU-135,2025-04-18,Absent
STU-135,2025-04-20,Present
STU-135,2025-04-23,Present
STU-135,2025-04-25,Present
STU-135,2025-04-27,Absent
STU-135,2025-04-30,Present
STU-135,2025-05-02,Present
STU-135,2025-05-04,Present
STU-136,2025-03-09,Present
STU-136,2025-03-11,Present
STU-136,2025-03-13,Present
STU-136,2025-03-16,Present
STU-136,2025-03-18,Present
STU-136,2025-03-20,Present
STU-136,2025-03-23,Present
STU-136,2025-03-25,Absent
STU-136,2025-03-27,Absent
STU-136,2025-03-30,Absent
STU-136,2025-04-01,Absent
STU-136,2025-04-03,Present
STU-136,2025-04-06,Absent
STU-136,2025-04-08,Present
STU-136,2025-04-10,Present
STU-136,2025-04-13,Absent
STU-136,2025-04-15,Present
STU-136,2025-04-17,Absent
STU-136,2025-04-20,Present
STU-136,2025-04-22,Present
STU-136,2025-04-24,Present
STU-136,2025-04-27,Present
STU-136,2025-04-29,Absent
STU-136,2025-05-01,Present
STU-136,2025-05-04,Present
STU-136,2025-05-06,Present
STU-136,2025-05-08,Absent
STU-136,2025-05-11,Present
STU-136,2025-05-13,Present
STU-136,2025-05-15,Present
STU-136,2025-05-18,Present
STU-136,2025-05-20,Present
STU-136,2025-05-22,Present
STU-136,2025-05-25,Present
STU-136,2025-05-27,Absent
STU-136,2025-05-29,Present
STU-137,2025-02-19,Present
STU-137,2025-02-21,Present
STU-137,2025-02-23,Present
STU-137,2025-02-26,Present
STU-137,2025-02-28,Present
STU-137,2025-03-02,Present
STU-137,2025-03-05,Present
STU-137,2025-03-07,Present
STU-137,2025-03-09,Present
STU-137,2025-03-12,Present
STU-137,2025-03-14,Present
STU-137,2025-03-16,Present
STU-137,2025-03-19,Present
STU-137,2025-03-21,Present
STU-137,2025-03-23,Present
STU-137,2025-03-26,Absent
STU-137,2025-03-28,Present
STU-137,2025-03-30,Present
STU-137,2025-04-02,Present
STU-137,2025-04-04,Present
STU-137,2025-04-06,Present
STU-137,2025-04-09,Present
STU-137,2025-04-11,Present
STU-137,2025-04-13,Present
STU-137,2025-04-16,Absent
STU-137,2025-04-18,Present
STU-137,2025-04-20,Present
STU-137,2025-04-23,Present
STU-137,2025-04-25,Present
STU-137,2025-04-27,Present
STU-137,2025-04-30,Present
STU-137,2025-05-02,Present
STU-137,2025-05-04,Present
STU-137,2025-05-07,Present
STU-137,2025-05-09,Present
STU-137,2025-05-11,Present
STU-138,2025-02-06,Present
STU-138,2025-02-08,Present
STU-138,2025-02-10,Present
STU-138,2025-02-13,Present
STU-138,2025-02-15,Present
STU-138,2025-02-17,Present
STU-138,2025-02-20,Absent
STU-138,2025-02-22,Present
STU-138,2025-02-24,Present
STU-138,2025-02-27,Present
STU-138,2025-03-01,Present
STU-138,2025-03-03,Present
STU-138,2025-03-06,Present
STU-138,2025-03-08,Absent
STU-138,2025-03-10,Absent
STU-138,2025-03-13,Present
STU-138,2025-03-15,Absent
STU-138,2025-03-17,Present
STU-138,2025-03-20,Present
STU-138,2025-03-22,Absent
STU-138,2025-03-24,Absent
STU-138,2025-03-27,Absent
STU-138,2025-03-29,Present
STU-138,2025-03-31,Absent
STU-138,2025-04-03,Absent
STU-138,2025-04-05,Present
STU-138,2025-04-07,Absent
STU-138,2025-04-10,Absent
STU-138,2025-04-12,Absent
STU-138,2025-04-14,Present
STU-138,2025-04-17,Present
STU-138,2025-04-19,Present
STU-138,2025-04-21,Present
STU-138,2025-04-24,Absent
STU-138,2025-04-26,Present
STU-138,2025-04-28,Present
STU-139,2025-02-14,Absent
STU-139,2025-02-16,Absent
STU-139,2025-02-18,Present
STU-139,2025-02-21,Absent
STU-139,2025-02-23,Present
STU-139,2025-02-25,Present
STU-139,2025-02-28,Present
STU-139,2025-03-02,Present
STU-139,2025-03-04,Absent
STU-139,2025-03-07,Present
STU-139,2025-03-09,Present
STU-139,2025-03-11,Present
STU-139,2025-03-14,Present
STU-139,2025-03-16,Absent
STU-139,2025-03-18,Absent
STU-139,2025-03-21,Absent
STU-139,2025-03-23,Present
STU-139,2025-03-25,Present
STU-139,2025-03-28,Absent
STU-139,2025-03-30,Present
STU-139,2025-04-01,Present
STU-139,2025-04-04,Present
STU-139,2025-04-06,Present
STU-139,2025-04-08,Absent
STU-139,2025-04-11,Absent
STU-139,2025-04-13,Present
STU-139,2025-04-15,Absent
STU-139,2025-04-18,Present
STU-139,2025-04-20,Absent
STU-139,2025-04-22,Absent
STU-139,2025-04-25,Present
STU-139,2025-04-27,Absent
STU-139,2025-04-29,Absent
STU-139,2025-05-02,Present
STU-139,2025-05-04,Absent
STU-139,2025-05-06,Present
STU-140,2025-02-25,Present
STU-140,2025-02-27,Present
STU-140,2025-03-01,Present
STU-140,2025-03-04,Absent
STU-140,2025-03-06,Absent
STU-140,2025-03-08,Present
STU-140,2025-03-11,Absent
STU-140,2025-03-13,Present
STU-140,2025-03-15,Present
STU-140,2025-03-18,Present
STU-140,2025-03-20,Absent
STU-140,2025-03-22,Present
STU-140,2025-03-25,Present
STU-140,2025-03-27,Present
STU-140,2025-03-29,Present
STU-140,2025-04-01,Present
STU-140,2025-04-03,Present
STU-140,2025-04-05,Present
STU-140,2025-04-08,Present
STU-140,2025-04-10,Present
STU-140,2025-04-12,Absent
STU-140,2025-04-15,Absent
STU-140,2025-04-17,Present
STU-140,2025-04-19,Present
STU-140,2025-04-22,Present
STU-140,2025-04-24,Present
STU-140,2025-04-26,Present
STU-140,2025-04-29,Present
STU-140,2025-05-01,Absent
STU-140,2025-05-03,Absent
STU-140,2025-05-06,Present
STU-140,2025-05-08,Present
STU-140,2025-05-10,Absent
STU-140,2025-05-13,Present
STU-140,2025-05-15,Present
STU-140,2025-05-17,Present
STU-141,2025-02-12,Present
STU-141,2025-02-14,Present
STU-141,2025-02-16,Absent
STU-141,2025-02-19,Present
STU-141,2025-02-21,Absent
STU-141,2025-02-23,Present
STU-141,2025-02-26,Present
STU-141,2025-02-28,Absent
STU-141,2025-03-02,Present
STU-141,2025-03-05,Present
STU-141,2025-03-07,Absent
STU-141,2025-03-09,Present
STU-141,2025-03-12,Present
STU-141,2025-03-14,Present
STU-141,2025-03-16,Absent
STU-141,2025-03-19,Present
STU-141,2025-03-21,Present
STU-141,2025-03-23,Present
STU-141,2025-03-26,Absent
STU-141,2025-03-28,Present
STU-141,2025-03-30,Present
STU-141,2025-04-02,Present
STU-141,2025-04-04,Present
STU-141,2025-04-06,Absent
STU-141,2025-04-09,Present
STU-141,2025-04-11,Present
STU-141,2025-04-13,Present
STU-141,2025-04-16,Absent
STU-141,2025-04-18,Present
STU-141,2025-04-20,Absent
STU-141,2025-04-23,Present
STU-141,2025-04-25,Present
STU-141,2025-04-27,Absent
STU-141,2025-04-30,Present
STU-141,2025-05-02,Absent
STU-141,2025-05-04,Absent
STU-142,2025-03-01,Present
STU-142,2025-03-03,Present
STU-142,2025-03-05,Present
STU-142,2025-03-08,Present
STU-142,2025-03-10,Present
STU-142,2025-03-12,Present
STU-142,2025-03-15,Present
STU-142,2025-03-17,Present
STU-142,2025-03-19,Present
STU-142,2025-03-22,Present
STU-142,2025-03-24,Present
STU-142,2025-03-26,Absent
STU-142,2025-03-29,Present
STU-142,2025-03-31,Present
STU-142,2025-04-02,Present
STU-142,2025-04-05,Present
STU-142,2025-04-07,Absent
STU-142,2025-04-09,Present
STU-142,2025-04-12,Present
STU-142,2025-04-14,Present
STU-142,2025-04-16,Present
STU-142,2025-04-19,Present
STU-142,2025-04-21,Present
STU-142,2025-04-23,Present
STU-142,2025-04-26,Present
STU-142,2025-04-28,Present
STU-142,2025-04-30,Present
STU-142,2025-05-03,Absent
STU-142,2025-05-05,Present
STU-142,2025-05-07,Present
STU-142,2025-05-10,Present
STU-142,2025-05-12,Present
STU-142,2025-05-14,Absent
STU-142,2025-05-17,Present
STU-142,2025-05-19,Present
STU-142,2025-05-21,Present
STU-143,2025-01-31,Present
STU-143,2025-02-02,Present
STU-143,2025-02-04,Present
STU-143,2025-02-07,Absent
STU-143,2025-02-09,Present
STU-143,2025-02-11,Present
STU-143,2025-02-14,Present
STU-143,2025-02-16,Present
STU-143,2025-02-18,Present
STU-143,2025-02-21,Present
STU-143,2025-02-23,Present
STU-143,2025-02-25,Present
STU-143,2025-02-28,Present
STU-143,2025-03-02,Present
STU-143,2025-03-04,Present
STU-143,2025-03-07,Present
STU-143,2025-03-09,Present
STU-143,2025-03-11,Present
STU-143,2025-03-14,Present
STU-143,2025-03-16,Present
STU-143,2025-03-18,Present
STU-143,2025-03-21,Present
STU-143,2025-03-23,Present
STU-143,2025-03-25,Present
STU-143,2025-03-28,Present
STU-143,2025-03-30,Absent
STU-143,2025-04-01,Present
STU-143,2025-04-04,Absent
STU-143,2025-04-06,Present
STU-143,2025-04-08,Present
STU-143,2025-04-11,Present
STU-143,2025-04-13,Present
STU-143,2025-04-15,Absent
STU-143,2025-04-18,Absent
STU-143,2025-04-20,Present
STU-143,2025-04-22,Present
STU-144,2025-01-11,Present
STU-144,2025-01-13,Present
STU-144,2025-01-15,Present
STU-144,2025-01-18,Present
STU-144,2025-01-20,Present
STU-144,2025-01-22,Present
STU-144,2025-01-25,Present
STU-144,2025-01-27,Present
STU-144,2025-01-29,Present
STU-144,2025-02-01,Absent
STU-144,2025-02-03,Present
STU-144,2025-02-05,Absent
STU-144,2025-02-08,Present
STU-144,2025-02-10,Present
STU-144,2025-02-12,Present
STU-144,2025-02-15,Present
STU-144,2025-02-17,Present
STU-144,2025-02-19,Present
STU-144,2025-02-22,Present
STU-144,2025-02-24,Absent
STU-144,2025-02-26,Present
STU-144,2025-03-01,Present
STU-144,2025-03-03,Present
STU-144,2025-03-05,Present
STU-144,2025-03-08,Present
STU-144,2025-03-10,Present
STU-144,2025-03-12,Absent
STU-144,2025-03-15,Present
STU-144,2025-03-17,Present
STU-144,2025-03-19,Present
STU-144,2025-03-22,Present
STU-144,2025-03-24,Present
STU-144,2025-03-26,Present
STU-144,2025-03-29,Present
STU-144,2025-03-31,Present
STU-144,2025-04-02,Present
STU-145,2025-02-13,Present
STU-145,2025-02-15,Present
STU-145,2025-02-17,Absent
STU-145,2025-02-20,Present
STU-145,2025-02-22,Present
STU-145,2025-02-24,Present
STU-145,2025-02-27,Absent
STU-145,2025-03-01,Present
STU-145,2025-03-03,Present
STU-145,2025-03-06,Absent
STU-145,2025-03-08,Present
STU-145,2025-03-10,Absent
STU-145,2025-03-13,Present
STU-145,2025-03-15,Absent
STU-145,2025-03-17,Present
STU-145,2025-03-20,Present
STU-145,2025-03-22,Present
STU-145,2025-03-24,Present
STU-145,2025-03-27,Present
STU-145,2025-03-29,Present
STU-145,2025-03-31,Present
STU-145,2025-04-03,Present
STU-145,2025-04-05,Present
STU-145,2025-04-07,Absent
STU-145,2025-04-10,Absent
STU-145,2025-04-12,Present
STU-145,2025-04-14,Absent
STU-145,2025-04-17,Present
STU-145,2025-04-19,Present
STU-145,2025-04-21,Absent
STU-145,2025-04-24,Present
STU-145,2025-04-26,Absent
STU-145,2025-04-28,Absent
STU-145,2025-05-01,Present
STU-145,2025-05-03,Absent
STU-145,2025-05-05,Present
STU-146,2025-02-18,Absent
STU-146,2025-02-20,Present
STU-146,2025-02-22,Present
STU-146,2025-02-25,Present
STU-146,2025-02-27,Present
STU-146,2025-03-01,Present
STU-146,2025-03-04,Present
STU-146,2025-03-06,Present
STU-146,2025-03-08,Absent
STU-146,2025-03-11,Present
STU-146,2025-03-13,Present
STU-146,2025-03-15,Present
STU-146,2025-03-18,Present
STU-146,2025-03-20,Present
STU-146,2025-03-22,Present
STU-146,2025-03-25,Present
STU-146,2025-03-27,Present
STU-146,2025-03-29,Absent
STU-146,2025-04-01,Absent
STU-146,2025-04-03,Present
STU-146,2025-04-05,Absent
STU-146,2025-04-08,Present
STU-146,2025-04-10,Present
STU-146,2025-04-12,Present
STU-146,2025-04-15,Present
STU-146,2025-04-17,Absent
STU-146,2025-04-19,Absent
STU-146,2025-04-22,Absent
STU-146,2025-04-24,Present
STU-146,2025-04-26,Present
STU-146,2025-04-29,Present
STU-146,2025-05-01,Present
STU-146,2025-05-03,Present
STU-146,2025-05-06,Absent
STU-146,2025-05-08,Present
STU-146,2025-05-10,Absent
STU-147,2025-01-19,Present
STU-147,2025-01-21,Absent
STU-147,2025-01-23,Present
STU-147,2025-01-26,Present
STU-147,2025-01-28,Present
STU-147,2025-01-30,Present
STU-147,2025-02-02,Present
STU-147,2025-02-04,Present
STU-147,2025-02-06,Absent
STU-147,2025-02-09,Present
STU-147,2025-02-11,Absent
STU-147,2025-02-13,Present
STU-147,2025-02-16,Present
STU-147,2025-02-18,Absent
STU-147,2025-02-20,Present
STU-147,2025-02-23,Present
STU-147,2025-02-25,Absent
STU-147,2025-02-27,Absent
STU-147,2025-03-02,Absent
STU-147,2025-03-04,Absent
STU-147,2025-03-06,Present
STU-147,2025-03-09,Absent
STU-147,2025-03-11,Present
STU-147,2025-03-13,Present
STU-147,2025-03-16,Present
STU-147,2025-03-18,Absent
STU-147,2025-03-20,Absent
STU-147,2025-03-23,Present
STU-147,2025-03-25,Absent
STU-147,2025-03-27,Present
STU-147,2025-03-30,Present
STU-147,2025-04-01,Present
STU-147,2025-04-03,Absent
STU-147,2025-04-06,Present
STU-147,2025-04-08,Absent
STU-147,2025-04-10,Present
STU-148,2025-03-09,Present
STU-148,2025-03-11,Present
STU-148,2025-03-13,Present
STU-148,2025-03-16,Present
STU-148,2025-03-18,Present
STU-148,2025-03-20,Present
STU-148,2025-03-23,Present
STU-148,2025-03-25,Present
STU-148,2025-03-27,Present
STU-148,2025-03-30,Present
STU-148,2025-04-01,Present
STU-148,2025-04-03,Present
STU-148,2025-04-06,Present
STU-148,2025-04-08,Present
STU-148,2025-04-10,Present
STU-148,2025-04-13,Present
STU-148,2025-04-15,Present
STU-148,2025-04-17,Present
STU-148,2025-04-20,Present
STU-148,2025-04-22,Present
STU-148,2025-04-24,Present
STU-148,2025-04-27,Present
STU-148,2025-04-29,Absent
STU-148,2025-05-01,Present
STU-148,2025-05-04,Present
STU-148,2025-05-06,Present
STU-148,2025-05-08,Present
STU-148,2025-05-11,Present
STU-148,2025-05-13,Present
STU-148,2025-05-15,Present
STU-148,2025-05-18,Present
STU-148,2025-05-20,Present
STU-148,2025-05-22,Present
STU-148,2025-05-25,Present
STU-148,2025-05-27,Present
STU-148,2025-05-29,Present
STU-149,2025-03-05,Absent
STU-149,2025-03-07,Absent
STU-149,2025-03-09,Absent
STU-149,2025-03-12,Present
STU-149,2025-03-14,Present
STU-149,2025-03-16,Present
STU-149,2025-03-19,Absent
STU-149,2025-03-21,Present
STU-149,2025-03-23,Present
STU-149,2025-03-26,Present
STU-149,2025-03-28,Present
STU-149,2025-03-30,Absent
STU-149,2025-04-02,Present
STU-149,2025-04-04,Present
STU-149,2025-04-06,Present
STU-149,2025-04-09,Absent
STU-149,2025-04-11,Present
STU-149,2025-04-13,Present
STU-149,2025-04-16,Absent
STU-149,2025-04-18,Present
STU-149,2025-04-20,Present
STU-149,2025-04-23,Absent
STU-149,2025-04-25,Present
STU-149,2025-04-27,Present
STU-149,2025-04-30,Present
STU-149,2025-05-02,Present
STU-149,2025-05-04,Present
STU-149,2025-05-07,Present
STU-149,2025-05-09,Present
STU-149,2025-05-11,Present
STU-149,2025-05-14,Present
STU-149,2025-05-16,Present
STU-149,2025-05-18,Absent
STU-149,2025-05-21,Present
STU-149,2025-05-23,Present
STU-149,2025-05-25,Absent
STU-150,2025-02-20,Present
STU-150,2025-02-22,Absent
STU-150,2025-02-24,Present
STU-150,2025-02-27,Present
STU-150,2025-03-01,Present
STU-150,2025-03-03,Present
STU-150,2025-03-06,Present
STU-150,2025-03-08,Present
STU-150,2025-03-10,Present
STU-150,2025-03-13,Present
STU-150,2025-03-15,Present
STU-150,2025-03-17,Present
STU-150,2025-03-20,Present
STU-150,2025-03-22,Present
STU-150,2025-03-24,Present
STU-150,2025-03-27,Present
STU-150,2025-03-29,Present
STU-150,2025-03-31,Present
STU-150,2025-04-03,Present
STU-150,2025-04-05,Present
STU-150,2025-04-07,Present
STU-150,2025-04-10,Present
STU-150,2025-04-12,Present
STU-150,2025-04-14,Present
STU-150,2025-04-17,Present
STU-150,2025-04-19,Present
STU-150,2025-04-21,Present
STU-150,2025-04-24,Present
STU-150,2025-04-26,Present
STU-150,2025-04-28,Present
STU-150,2025-05-01,Present
STU-150,2025-05-03,Present
STU-150,2025-05-05,Present
STU-150,2025-05-08,Present
STU-150,2025-05-10,Present
STU-150,2025-05-12,Present
